	Destination	Coordinates	driving_duration	driving_distance	walking_duration	walking_distance	bicycling_duration	bicycling_distance	drone_duration	drone_distance	drone_segments	fastest_time	fastest_mode
0	1	(47.52123311441263, 21.67047291660207)	11.533333333333333	4.668	56.95	4.13	15.6	4.221	9.144449947523999	3.5709712978909174	5	9.144449947523999	drone
1	2	(47.48392446059218, 21.6759774942076)	17.9	7.851	99.5	7.314	26.716666666666665	7.704	15.653609767510428	7.038876760048322	8	15.653609767510428	drone
2	3	(47.51952547883714, 21.590634064617944)	14.1	5.309	53.61666666666667	3.933	12.533333333333333	4.321	10.068142544814103	3.546272181372114	8	10.068142544814103	drone
3	4	(47.56138052987544, 21.59958058855455)	15.083333333333334	6.076	67.55	4.952	17.3	5.157	8.310277151612079	3.8735181010747186	1	8.310277151612079	drone
4	5	(47.52023689172063, 21.63317285259322)	7.75	2.48	26.016666666666666	1.872	10.75	2.323	6.254610825752804	1.6279388953042768	5	6.254610825752804	drone
5	6	(47.546093345930515, 21.598859761343963)	11.7	4.494	45.88333333333333	3.328	12.183333333333334	3.619	9.831358365185304	3.209014301838562	8	9.831358365185304	drone
6	7	(47.51901563859516, 21.694678415957554)	15.366666666666667	6.457	81.08333333333333	5.919	20.566666666666666	6.364	10.263955063514333	5.175970042342888	1	10.263955063514333	drone
7	8	(47.53217816252354, 21.620925850328387)	7.166666666666667	2.019	10.7	0.806	2.3333333333333335	0.857	4.9385875774606385	0.6917344919964564	6	2.3333333333333335	bicycling
8	9	(47.507035883208346, 21.63808036889601)	9.9	3.998	47.18333333333333	3.45	15.233333333333333	3.871	8.513023197105039	3.1374460101779924	5	8.513023197105039	drone
9	10	(47.50704087254554, 21.61340015829657)	11.016666666666667	4.679	50.05	3.716	12.15	3.726	16.56981716795415	5.39293930555429	11	11.016666666666667	driving
10	11	(47.51746849856554, 21.63326399013195)	7.733333333333333	2.461	26.416666666666668	1.924	10.633333333333333	2.304	6.7863242162755	1.9562687866263102	5	6.7863242162755	drone
11	12	(47.53018572264482, 21.580701753293972)	13.933333333333334	5.523	55.516666666666666	4.041	15.15	4.516	9.462373218481131	3.713652452987251	6	9.462373218481131	drone
12	13	(47.49321667899767, 21.669445498347027)	14.416666666666666	6.667	81.8	6.013	23.25	6.52	13.726163562021775	5.830834628971294	8	13.726163562021775	drone
13	14	(47.510383089195486, 21.66717588079739)	12.35	5.253	61.56666666666667	4.459	16.416666666666668	4.617	10.150369653624484	3.8673946681842177	8	10.150369653624484	drone
14	15	(47.511093667399535, 21.688713368903013)	15.283333333333333	6.803	82.43333333333334	6.017	20.9	6.462	12.82517801586552	5.574978345429781	6	12.82517801586552	drone
15	16	(47.52546608389765, 21.62691975369564)	7.783333333333333	2.095	13.116666666666667	0.976	4.166666666666667	1.329	6.1121395263876375	1.2761607770931813	5	4.166666666666667	bicycling
16	17	(47.5404694931726, 21.583244366085662)	14.25	6.003	64.36666666666666	4.703	17.2	5.253	7.789415847203642	3.526277231469095	1	7.789415847203642	drone
17	18	(47.50868529486018, 21.648067092351074)	12.083333333333334	5.345	50.71666666666667	3.713	16.316666666666666	4.093	10.848790995624904	3.716325892776849	8	10.848790995624904	drone
18	19	(47.51897171182371, 21.610490468047935)	9.933333333333334	3.162	32.13333333333333	2.374	8.166666666666666	2.622	9.162890994142073	2.661962628581308	8	8.166666666666666	bicycling
19	20	(47.55508523537342, 21.58830096656049)	14.383333333333333	6.305	69.66666666666667	5.083	17.1	5.27	9.336873027980833	3.994199009164122	4	9.336873027980833	drone
20	21	(47.49396987008044, 21.68480705244331)	17.75	8.074	98.98333333333333	7.264	27.183333333333334	7.753	13.406317366043433	6.060983099991548	8	13.406317366043433	drone
21	22	(47.53235725427979, 21.61599552870874)	8.366666666666667	2.428	17.166666666666668	1.281	3.816666666666667	1.382	5.41454388399151	1.0345659672751617	6	3.816666666666667	bicycling
22	23	(47.52007214216723, 21.580348727491394)	14.666666666666666	6.338	65.85	4.815	15.333333333333334	4.83	10.810562473538363	4.134504199447404	8	10.810562473538363	drone
23	24	(47.554495641361136, 21.603088843784565)	13.2	5.314	58.03333333333333	4.242	15.25	4.451	7.151237956183321	3.100825304122214	1	7.151237956183321	drone
24	25	(47.51089043206719, 21.685195858802466)	15.716666666666667	7.109	83.98333333333333	6.133	21.266666666666666	6.578	13.004710961756377	5.441299472720898	7	13.004710961756377	drone
25	26	(47.52713821550457, 21.645713274508232)	9.083333333333334	2.885	32.583333333333336	2.348	8.966666666666667	2.611	6.682261228839026	1.7668752348111472	5	6.682261228839026	drone
26	27	(47.530717816790194, 21.684185994108443)	11.883333333333333	5.014	61.7	4.476	16.65	4.995	11.444286551671526	4.731186059816732	5	11.444286551671526	drone
27	28	(47.54011038032107, 21.665136507801307)	11.8	4.733	47.45	3.436	12.366666666666667	3.403	12.391400112566362	4.390510785040221	5	11.8	driving
28	29	(47.538433997950094, 21.622818188659306)	8.316666666666666	2.407	19.816666666666666	1.444	5.233333333333333	1.513	3.6743874089183786	0.7829249392789193	1	3.6743874089183786	drone
29	30	(47.51215429655777, 21.66770180302057)	12.2	5.191	59.266666666666666	4.307	15.9	4.34	10.347688961941094	3.886054773275484	8	10.347688961941094	drone
30	31	(47.515099661717116, 21.6697711093423)	13.166666666666666	5.554	55.03333333333333	3.976	14.933333333333334	3.976	10.229332885039723	4.065765273514306	5	10.229332885039723	drone
31	32	(47.501427760702185, 21.65905857006422)	12.216666666666667	5.158	63.1	4.621	18.966666666666665	5.011	12.161929890318868	4.712674087344736	8	12.161929890318868	drone
32	33	(47.49999135746342, 21.66144815417971)	12.666666666666666	5.434	66.8	4.897	19.75	5.286	12.397166824896585	4.907292190683918	8	12.397166824896585	drone
33	34	(47.490278523104344, 21.64491226706357)	14.816666666666666	6.323	74.38333333333334	5.473	21.55	6.154	15.211024740855558	5.752912236291332	12	14.816666666666666	driving
34	35	(47.49768985480427, 21.6442086911509)	12.866666666666667	5.474	67.16666666666667	4.931	19.55	5.303	13.64313280849321	4.7427692369681305	13	12.866666666666667	driving
35	36	(47.55195881528313, 21.599122642845117)	12.9	5.082	55.63333333333333	4.082	14.066666666666666	4.219	7.138084184635988	3.092056123090659	1	7.138084184635988	drone
36	37	(47.52058565000306, 21.581481880732234)	14.833333333333334	6.324	62.05	4.535	13.933333333333334	4.55	10.643901595001303	4.0290209917713655	8	10.643901595001303	drone
37	38	(47.524333727015694, 21.687940154484544)	15.033333333333333	6.794	82.78333333333333	6.068	21.083333333333332	6.542	10.779043306573785	4.695344985923762	5	10.779043306573785	drone
38	39	(47.52488584614821, 21.644578334271497)	8.666666666666666	2.604	26.016666666666666	1.851	8.916666666666666	1.851	7.229513760577431	1.7271183858214068	8	7.229513760577431	drone
39	40	(47.50762319238776, 21.635866106541307)	9.116666666666667	3.726	43.5	3.179	15.2	3.901	8.470840961633865	3.073729662421739	5	8.470840961633865	drone
40	41	(47.5360946593446, 21.650557096610914)	9.683333333333334	2.883	27.866666666666667	1.988	7.516666666666667	1.988	10.043387534205609	3.021135767996588	5	7.516666666666667	bicycling
41	42	(47.48765429477177, 21.65266916932798)	15.933333333333334	6.628	82.45	6.08	23.166666666666668	6.495	14.637117795242746	5.786898381627936	12	14.637117795242746	drone
42	43	(47.52068073084036, 21.60033343987316)	13.433333333333334	4.842	37.983333333333334	2.814	9.3	3.163	9.23626002093827	2.920034346764665	8	9.23626002093827	drone
43	44	(47.52245335166856, 21.671110448003276)	11.316666666666666	4.525	55.016666666666666	3.987	16.033333333333335	4.364	8.811012150633664	3.45802786264126	5	8.811012150633664	drone
44	45	(47.52327682071993, 21.585974612115905)	13.283333333333333	5.355	54.46666666666667	3.978	12.266666666666667	3.993	9.880155985398812	3.565645730381155	8	9.880155985398812	drone
45	46	(47.556393469590844, 21.609467591732344)	12.85	5.109	51.266666666666666	3.772	13.533333333333333	4.029	7.017045744613808	3.011363829742539	1	7.017045744613808	drone
46	47	(47.53754664704489, 21.591180823950637)	11.3	4.315	46.3	3.395	11.333333333333334	3.411	7.571684400805415	2.87743617686682	4	7.571684400805415	drone
47	48	(47.562373001027275, 21.597353124305684)	15.266666666666667	6.364	68.98333333333333	5.057	17.616666666666667	5.262	8.589653909638498	4.059769273092333	1	8.589653909638498	drone
48	49	(47.52866984463686, 21.69733115398252)	14.066666666666666	6.284	78.83333333333333	5.746	21.316666666666666	6.322	12.673607057493967	5.6411838862902	5	12.673607057493967	drone
49	50	(47.50832614458296, 21.693205395047418)	16.35	7.272	89.18333333333334	6.515	22.35	6.96	13.674897891340184	6.08003644425495	6	13.674897891340184	drone
50	51	(47.52453863655239, 21.632173763484264)	5.6	1.533	13.683333333333334	0.996	3.683333333333333	0.996	5.444247625034845	1.1168894092608805	5	3.683333333333333	bicycling
51	52	(47.53390501499416, 21.590211482220116)	10.9	4.17	44.31666666666667	3.251	10.833333333333334	3.266	10.110463406156157	3.152461679343671	11	10.110463406156157	drone
52	53	(47.51003577208454, 21.630307509596612)	10.066666666666666	3.522	39.016666666666666	2.844	13.6	3.352	9.521149783558485	3.015733226829219	8	9.521149783558485	drone
53	54	(47.50200183643215, 21.6304587635118)	9.216666666666667	4.099	48.45	3.562	15.866666666666667	3.952	11.178396039674851	3.931335964214355	9	9.216666666666667	driving
54	55	(47.53901574473736, 21.57675759189543)	15.166666666666666	6.61	63.15	4.628	18.166666666666668	5.577	9.218247215227239	3.973449761486312	4	9.218247215227239	drone
55	56	(47.48993270490805, 21.680523458903384)	18.0	7.933	93.78333333333333	6.888	25.516666666666666	7.277	14.301728349329128	6.4195027759060235	8	14.301728349329128	drone
56	57	(47.54375323297629, 21.5997031974683)	10.95	4.092	41.95	3.041	10.883333333333333	3.228	7.174397727427725	2.561552370615578	4	7.174397727427725	drone
57	58	(47.52938301132915, 21.656715515848337)	8.383333333333333	2.878	32.38333333333333	2.333	9.833333333333334	2.904	7.436613365452557	2.376952597765052	5	7.436613365452557	drone
58	59	(47.49941349470835, 21.690174450608996)	15.8	7.985	95.3	6.947	27.85	7.995	13.555005987162932	6.056588091541841	8	13.555005987162932	drone
59	60	(47.496384011799854, 21.680534074084996)	16.55	7.825	90.9	6.683	24.983333333333334	7.072	12.842529981454776	5.66494580834577	8	12.842529981454776	drone
60	61	(47.53122719346646, 21.700054603887665)	13.7	6.192	77.58333333333333	5.654	21.083333333333332	6.23	13.401953189052938	5.977807049110219	5	13.401953189052938	drone
61	62	(47.563490104404444, 21.604317595095036)	14.666666666666666	5.902	61.9	4.534	16.066666666666666	4.943	8.3339132864047	3.8892755242697996	1	8.3339132864047	drone
62	63	(47.5104199969039, 21.6361794640461)	8.6	3.419	39.333333333333336	2.872	13.316666666666666	3.252	7.954943628429522	2.7519138019353155	5	7.954943628429522	drone
63	64	(47.55820775319381, 21.600560334466728)	13.833333333333334	5.67	62.78333333333333	4.598	16.216666666666665	4.808	7.815600013006204	3.543733342004136	1	7.815600013006204	drone
64	65	(47.509513227909316, 21.62374332989407)	9.8	3.711	41.13333333333333	3.002	12.033333333333333	3.673	11.938620080724233	3.6963720375910243	10	9.8	driving
65	66	(47.53362165556212, 21.635392460275884)	7.433333333333334	1.803	10.366666666666667	0.725	3.1	0.908	3.2633899630196646	0.5089266420131098	1	3.1	bicycling
66	67	(47.553316643060924, 21.608663355137413)	11.55	4.55	47.46666666666667	3.478	12.833333333333334	3.695	6.623657891374999	2.749105260916666	1	6.623657891374999	drone
67	68	(47.4979379211626, 21.67065245996213)	13.966666666666667	6.229	77.58333333333333	5.692	22.116666666666667	6.081	12.579977307246365	5.2663173596086175	8	12.579977307246365	drone
68	69	(47.532493052335695, 21.58274249485638)	13.616666666666667	5.518	56.75	4.141	13.666666666666666	4.198	10.436526169868618	3.6232156618646654	10	10.436526169868618	drone
69	70	(47.501480059292355, 21.625419195276727)	10.45	4.556	50.81666666666667	3.713	17.016666666666666	4.408	12.204726442867377	4.30582795048541	9	10.45	driving
70	71	(47.510984687539306, 21.67155566778072)	13.283333333333333	5.518	65.16666666666667	4.724	17.883333333333333	4.882	10.946160789976554	4.240008274773907	8	10.946160789976554	drone
71	72	(47.49837184595519, 21.613204334017208)	12.316666666666666	5.77	63.0	4.678	14.966666666666667	4.688	16.162751423490587	5.797677916883018	10	12.316666666666666	driving
72	73	(47.505139219002594, 21.65850820658576)	12.95	5.256	63.71666666666667	4.677	19.3	5.109	11.215484666171358	4.215668567918054	8	11.215484666171358	drone
73	74	(47.502806430520025, 21.609444264977203)	11.6	5.268	58.083333333333336	4.314	13.983333333333333	4.345	19.1111765059176	6.431380851668452	12	11.6	driving
74	75	(47.516140191317916, 21.64672353996803)	10.0	3.649	37.71666666666667	2.73	11.183333333333334	2.895	8.927952506015076	2.6982236432245164	8	8.927952506015076	drone
75	76	(47.52714220432162, 21.68859743454991)	14.466666666666667	6.519	67.95	4.957	18.866666666666667	5.743	11.329044413862363	4.876459370567953	5	11.329044413862363	drone
76	77	(47.53687582789827, 21.5963316047953)	10.366666666666667	3.792	39.266666666666666	2.872	9.933333333333334	2.888	6.980994299140514	2.48364311191622	4	6.980994299140514	drone
77	78	(47.49009713091081, 21.6465327912561)	15.233333333333333	6.419	75.66666666666667	5.569	21.816666666666666	6.25	15.154973399825733	5.676476865600936	13	15.154973399825733	drone
78	79	(47.50136900919108, 21.664952532678424)	13.533333333333333	5.803	71.76666666666667	5.266	20.85	5.656	11.8961094651396	4.755715602838236	8	11.8961094651396	drone
79	80	(47.51361211244875, 21.707542522912387)	17.166666666666668	7.484	95.06666666666666	6.946	23.633333333333333	7.391	13.180426333012587	6.368091082830306	5	13.180426333012587	drone
80	81	(47.51583507441171, 21.665524219166187)	11.5	4.436	50.983333333333334	3.683	14.016666666666667	3.683	9.522335145202977	3.674307213229408	5	9.522335145202977	drone
81	82	(47.553553388487174, 21.621305122778594)	11.466666666666667	3.976	38.53333333333333	2.779	11.216666666666667	3.015	6.086160916885324	2.390773944590216	1	6.086160916885324	drone
82	83	(47.56601353163912, 21.59812531130153)	14.15	6.546	69.73333333333333	5.111	17.85	5.316	9.047120273543104	4.3647468490287356	1	9.047120273543104	drone
83	84	(47.54679141658315, 21.617202492074572)	10.933333333333334	3.495	32.016666666666666	2.332	8.783333333333333	2.538	5.194120417245624	1.7960802781637486	1	5.194120417245624	drone
84	85	(47.55229451830901, 21.590720947978127)	14.216666666666667	5.499	60.86666666666667	4.436	15.066666666666666	4.623	10.375606269117734	3.9228936219232637	7	10.375606269117734	drone
85	86	(47.53857684138451, 21.662614188336885)	11.233333333333333	4.419	43.31666666666667	3.122	11.316666666666666	3.089	11.672685796354221	4.036700094880843	5	11.233333333333333	driving
86	87	(47.51227413617622, 21.646586045144666)	10.333333333333334	4.08	46.53333333333333	3.388	15.8	3.924	10.253529158676114	3.3168615194716278	8	10.253529158676114	drone
87	88	(47.515454817498416, 21.61215126189333)	10.783333333333333	3.66	37.3	2.709	9.483333333333333	2.912	10.080339001416364	3.0017139490352633	9	9.483333333333333	bicycling
88	89	(47.49202216265665, 21.666995643322615)	14.333333333333334	7.243	81.41666666666667	5.988	23.45	6.585	14.075895391348404	5.9517265903971355	8	14.075895391348404	drone
89	90	(47.5238861505418, 21.59629679497443)	13.733333333333333	4.954	43.06666666666667	3.161	10.433333333333334	3.583	8.942292465192358	2.8768797105640127	8	8.942292465192358	drone
90	91	(47.50781696807202, 21.67019729820608)	13.45	5.905	70.36666666666666	5.111	23.266666666666666	6.453	10.321453681599571	4.18707488038739	7	10.321453681599571	drone
91	92	(47.5181108748699, 21.583900012544106)	15.2	6.07	64.16666666666667	4.693	14.45	4.708	10.790404393728233	4.048538342028419	8	10.790404393728233	drone
92	93	(47.52388601831175, 21.674676618685655)	11.683333333333334	4.762	58.266666666666666	4.224	15.75	4.669	7.873095084383084	3.582063389588723	1	7.873095084383084	drone
93	94	(47.49191501105993, 21.662789761495176)	13.383333333333333	6.901	79.1	5.8	22.466666666666665	6.189	14.456350916252003	5.919111266597266	9	13.383333333333333	driving
94	95	(47.5329520337345, 21.57554829684526)	14.266666666666667	6.077	59.583333333333336	4.359	14.783333333333333	4.375	11.299635898895495	4.1810121794407085	10	11.299635898895495	drone
95	96	(47.53873678688109, 21.654410752671204)	10.416666666666666	3.607	34.6	2.487	9.066666666666666	2.479	11.579335024893359	3.7133747476493912	5	9.066666666666666	bicycling
96	97	(47.48999311736389, 21.664150265094833)	14.6	7.324	84.68333333333334	6.223	23.8	6.713	14.789737927838948	6.148431668303708	9	14.6	driving
97	98	(47.49688832537193, 21.666576285785958)	13.183333333333334	6.753	74.9	5.498	21.933333333333334	6.007	12.947376987952993	5.34229059893684	8	12.947376987952993	drone
98	99	(47.542682280757575, 21.580271592566646)	13.916666666666666	5.714	63.9	4.652	15.95	4.843	8.211345039471759	3.8075633596478387	1	8.211345039471759	drone
99	100	(47.53015757772757, 21.60310620435028)	10.783333333333333	3.634	32.06666666666667	2.334	7.283333333333333	2.348	7.043774227588415	2.0711467327213247	6	7.043774227588415	drone
100	101	(47.523307826961855, 21.704650993083263)	14.683333333333334	7.041	86.31666666666666	6.315	22.816666666666666	7.101	12.858503091605048	6.015215865508903	5	12.858503091605048	drone
101	102	(47.514740717676546, 21.675773813751707)	14.0	5.748	66.66666666666667	4.841	17.5	4.902	11.723330376339199	4.600793840879084	7	11.723330376339199	drone
102	103	(47.50306221709368, 21.64524224086471)	10.05	4.516	54.35	3.968	16.733333333333334	4.345	11.879246916168158	3.9672756938525295	12	10.05	driving
103	104	(47.55443910950394, 21.664944466977985)	12.916666666666666	4.741	54.13333333333333	3.833	14.833333333333334	4.094	8.810589172767932	3.6730817512518197	4	8.810589172767932	drone
104	105	(47.509669811044816, 21.671242483929962)	12.383333333333333	5.477	64.55	4.684	17.083333333333332	4.842	10.822030303801052	4.234146626013471	8	10.822030303801052	drone
105	106	(47.520113318306855, 21.633436186270846)	7.533333333333333	2.466	24.683333333333334	1.774	10.666666666666666	2.309	6.258184177045748	1.6381595943295921	5	6.258184177045748	drone
106	107	(47.52291297374444, 21.66257631715348)	10.933333333333334	4.087	45.93333333333333	3.346	14.366666666666667	3.56	8.35357568178352	2.9977286738988136	5	8.35357568178352	drone
107	108	(47.516146980762336, 21.64817889424627)	9.55	3.469	38.43333333333333	2.781	11.433333333333334	2.969	8.725942283141361	2.6637603646700256	8	8.725942283141361	drone
108	109	(47.53572295786378, 21.61579041408158)	8.066666666666666	2.593	19.8	1.444	5.066666666666666	1.45	4.04858663407196	1.0323910893813064	1	4.04858663407196	drone
109	110	(47.5372378337868, 21.637400082251414)	7.7	1.86	12.616666666666667	0.894	3.533333333333333	0.91	3.737016394625278	0.8246775964168519	1	3.533333333333333	bicycling
110	111	(47.53448713744072, 21.65781735804601)	10.25	3.488	36.03333333333333	2.593	9.25	2.593	9.64849741599681	3.14470597414937	5	9.25	bicycling
111	112	(47.54791698518095, 21.639702565392188)	9.583333333333334	3.498	32.416666666666664	2.339	9.166666666666666	2.589	6.455882535036683	2.0113914582965684	4	6.455882535036683	drone
112	113	(47.541262043821156, 21.589975032417573)	14.216666666666667	5.946	53.4	3.915	13.65	4.107	7.098263431012275	3.0655089540081835	1	7.098263431012275	drone
113	114	(47.510000721846694, 21.686346334434454)	15.566666666666666	7.05	84.76666666666667	6.191	21.433333333333334	6.636	12.565135030990161	5.52358895225549	5	12.565135030990161	drone
114	115	(47.49608343977885, 21.64956895206723)	11.216666666666667	5.439	66.56666666666666	4.891	19.866666666666667	5.306	13.11325692149365	4.799041952252071	12	11.216666666666667	driving
115	116	(47.5635086943993, 21.601268682884097)	14.15	6.171	65.28333333333333	4.779	19.866666666666667	5.335	8.506155633412952	4.004103755608635	1	8.506155633412952	drone
116	117	(47.547797582108174, 21.625462962629967)	11.916666666666666	3.921	27.45	1.99	9.3	2.644	5.053574606929955	1.7023830712866372	1	5.053574606929955	drone
117	118	(47.5187868954707, 21.615340811760994)	10.916666666666666	3.468	29.966666666666665	2.17	8.866666666666667	2.72	9.416730819945409	2.5599170136615217	9	8.866666666666667	bicycling
118	119	(47.53645527754774, 21.580648787728794)	14.183333333333334	6.02	53.916666666666664	3.953	13.45	3.969	10.188689515890713	3.714780387844735	9	10.188689515890713	drone
119	120	(47.5082446136837, 21.69502999190362)	16.65	7.266	88.85	6.489	22.266666666666666	6.934	13.767591432490434	6.173099735516427	6	13.767591432490434	drone
120	121	(47.560745505979284, 21.59547651521783)	14.533333333333333	6.148	68.75	5.016	16.85	5.203	8.500470205579068	4.000313470386046	1	8.500470205579068	drone
121	122	(47.519338564242936, 21.62065516096078)	9.066666666666666	2.814	27.866666666666667	2.003	7.383333333333334	2.195	7.677741758600778	2.1929378952811196	5	7.383333333333334	bicycling
122	123	(47.5196792666248, 21.70640379175848)	16.4	7.759	95.96666666666667	7.033	24.8	7.819	12.678320613376568	6.061985310469382	5	12.678320613376568	drone
123	124	(47.551218683614664, 21.596459465686706)	13.383333333333333	5.279	54.53333333333333	3.971	13.7	4.158	8.131980543665716	3.2198012322845484	4	8.131980543665716	drone
124	125	(47.53180988947807, 21.587510872036166)	11.283333333333333	4.589	49.916666666666664	3.669	12.1	3.685	9.800807875850237	3.2330089875187067	10	9.800807875850237	drone
125	126	(47.490474962837084, 21.645948653789603)	15.133333333333333	6.395	75.35	5.545	21.75	6.226	15.171032965513513	5.655706833691198	13	15.133333333333333	driving
126	127	(47.51783577640822, 21.630924836652554)	6.85	2.3	24.033333333333335	1.763	9.466666666666667	2.144	7.886840720253606	2.039946311823002	8	6.85	driving
127	128	(47.54740724001344, 21.584938777275447)	12.95	5.43	59.93333333333333	4.379	14.75	4.58	8.01470730422435	3.6764715361495672	1	8.01470730422435	drone
128	129	(47.54628509142953, 21.590368162157493)	12.8	4.972	53.71666666666667	3.922	13.933333333333334	4.135	8.174574707880932	3.2699512660062724	4	8.174574707880932	drone
129	130	(47.53795171149705, 21.598500236379408)	10.583333333333334	3.727	38.483333333333334	2.807	9.733333333333333	2.823	6.021142427125127	2.3474282847500842	1	6.021142427125127	drone
130	131	(47.504284115724445, 21.677762435573506)	16.416666666666668	7.126	86.91666666666667	6.332	25.516666666666666	7.21	11.722835371171465	4.914094703831154	8	11.722835371171465	drone
131	132	(47.52002127262431, 21.607726197344892)	11.133333333333333	3.522	33.916666666666664	2.499	8.933333333333334	2.883	9.02328862314311	2.6480160461309667	8	8.933333333333334	bicycling
132	133	(47.510161801774025, 21.670764133840787)	12.316666666666666	5.424	63.81666666666667	4.631	16.916666666666668	4.789	10.76480372405968	4.183971353737637	8	10.76480372405968	drone
133	134	(47.513435162945086, 21.707750452196922)	17.166666666666668	7.484	95.06666666666666	6.946	23.633333333333333	7.391	13.22872252522358	6.394866633600603	5	13.22872252522358	drone
134	135	(47.51933067987615, 21.69395688308235)	15.4	6.467	81.2	5.929	20.583333333333332	6.374	10.1708871693081	5.113924779538733	1	10.1708871693081	drone
135	136	(47.52201555729873, 21.625257138301308)	8.566666666666666	2.449	19.516666666666666	1.454	4.416666666666667	1.463	6.7962006647022015	1.7045517367646021	5	4.416666666666667	bicycling
136	137	(47.5383948670532, 21.613944011014247)	11.45	3.403	23.583333333333332	1.722	5.866666666666666	1.729	4.4246291349150395	1.2830860899433598	1	4.4246291349150395	drone
137	138	(47.48634092561731, 21.659383566709625)	15.066666666666666	7.656	91.96666666666667	6.769	25.016666666666666	7.158	14.231741330110541	6.147028623293741	8	14.231741330110541	drone
138	139	(47.52799399179033, 21.659383797436572)	9.25	3.307	36.416666666666664	2.637	11.383333333333333	3.294	7.374873245754811	2.469739364981326	5	7.374873245754811	drone
139	140	(47.50805602157165, 21.673046001803893)	13.033333333333333	5.792	68.85	4.998	17.95	5.156	11.057298112663283	4.4217126958804265	8	11.057298112663283	drone
140	141	(47.54337979322461, 21.65085072376949)	10.816666666666666	3.295	33.8	2.385	8.933333333333334	2.411	8.396194349107265	2.653245553139911	5	8.396194349107265	drone
141	142	(47.538057085475685, 21.59741952775967)	10.6	3.736	38.61666666666667	2.816	9.766666666666667	2.832	6.143374532621626	2.4289163550810837	1	6.143374532621626	drone
142	143	(47.50040915172604, 21.610646560093297)	12.1	5.542	61.766666666666666	4.588	14.783333333333333	4.62	17.297376421724135	6.01649391676786	11	12.1	driving
143	144	(47.498633922107196, 21.662273633388306)	13.033333333333333	5.59	68.98333333333333	5.053	20.3	5.442	12.694984374316169	5.086519759293531	8	12.694984374316169	drone
144	145	(47.520569652088426, 21.60957912769381)	10.333333333333334	3.331	33.2	2.452	8.433333333333334	2.7	8.859554367920095	2.5214664622834824	8	8.433333333333334	bicycling
145	146	(47.54713359935432, 21.628025034137206)	8.8	2.82	26.316666666666666	1.913	6.566666666666666	1.937	4.917017670990069	1.6113451139933797	1	4.917017670990069	drone
146	147	(47.509386181712514, 21.67826764737495)	13.916666666666666	6.119	73.3	5.325	19.6	5.483	11.971421798296578	4.838137658687739	8	11.971421798296578	drone
147	148	(47.542781908172756, 21.61681412068535)	14.933333333333334	5.317	28.133333333333333	2.04	8.616666666666667	2.492	4.660311418572224	1.4402076123814826	1	4.660311418572224	drone
148	149	(47.53674673866981, 21.630839602115937)	6.216666666666667	1.543	9.116666666666667	0.649	2.35	0.649	3.2218659299257086	0.4812439532838058	1	2.35	bicycling
149	150	(47.52905149271118, 21.608252443380653)	11.166666666666666	3.928	24.466666666666665	1.783	5.983333333333333	1.807	6.652958130738755	1.7633540577152798	6	5.983333333333333	bicycling
150	151	(47.52238063770927, 21.70198447257942)	15.15	7.002	84.7	6.194	22.75	7.062	12.397360890991045	5.7731328748021955	5	12.397360890991045	drone
151	152	(47.49983846457895, 21.638450703273694)	11.133333333333333	4.92	56.65	4.146	17.65	4.765	14.038448508100695	5.039662085176832	9	11.133333333333333	driving
152	153	(47.526127422898774, 21.709963648993035)	15.716666666666667	7.295	89.61666666666666	6.57	23.666666666666668	7.356	13.873340796670796	6.527385171171171	5	13.873340796670796	drone
153	154	(47.53332647762983, 21.675031472286495)	12.033333333333333	4.646	56.833333333333336	4.108	15.183333333333334	4.626	10.991251496668857	4.234115806624279	5	10.991251496668857	drone
154	155	(47.52188354174338, 21.701330339927217)	15.25	7.073	85.58333333333333	6.265	22.9	7.133	12.250235865369895	5.705865687416035	5	12.250235865369895	drone
155	156	(47.535017770846395, 21.677509574653833)	12.6	4.846	59.483333333333334	4.308	15.566666666666666	4.779	11.68944877684858	4.564159938948726	5	11.68944877684858	drone
156	157	(47.527498268064136, 21.620890990369496)	8.933333333333334	2.767	13.1	0.988	3.5166666666666666	1.3	7.181379462030445	1.3888362363274314	8	3.5166666666666666	bicycling
157	158	(47.50395014354608, 21.621701816336703)	10.033333333333333	4.629	51.9	3.807	17.166666666666668	4.481	13.136303276412947	4.413040370319914	10	10.033333333333333	driving
158	159	(47.50156863932207, 21.6926799641075)	14.383333333333333	7.459	91.5	6.666	22.916666666666668	6.824	13.933378532048598	6.185079748428325	8	13.933378532048598	drone
159	160	(47.53934376626118, 21.608085413497893)	10.133333333333333	3.41	31.5	2.293	8.15	2.299	5.082654092097753	1.721769394731835	1	5.082654092097753	drone
160	161	(47.53215949004864, 21.63208400977339)	4.616666666666666	0.916	4.666666666666667	0.316	2.8333333333333335	0.834	2.8823576432084894	0.2549050954723265	1	2.8333333333333335	bicycling
161	162	(47.522729308377215, 21.696758457960698)	14.983333333333333	6.938	83.9	6.141	22.45	6.998	11.74505552470175	5.359739634921697	5	11.74505552470175	drone
162	163	(47.519562883557626, 21.676227532714275)	12.25	5.118	63.03333333333333	4.58	16.716666666666665	5.025	9.869308332687211	4.04772321059659	5	9.869308332687211	drone
163	164	(47.48574004552151, 21.679644213119285)	17.916666666666668	7.884	99.91666666666667	7.347	26.983333333333334	7.737	15.220935532973241	6.890077286457131	8	15.220935532973241	drone
164	165	(47.52784893857261, 21.66322838721474)	9.816666666666666	3.539	41.75	3.001	12.25	3.446	7.948547271967842	2.8037484611806143	5	7.948547271967842	drone
165	166	(47.550765147753594, 21.66704521775073)	13.316666666666666	4.673	52.96666666666667	3.769	14.55	4.026	10.779946753914073	4.181091615528076	5	10.779946753914073	drone
166	167	(47.523072172609204, 21.664866801726575)	11.233333333333333	4.173	50.233333333333334	3.635	14.85	3.937	8.361576903543858	3.076615516922216	5	8.361576903543858	drone
167	168	(47.496348059885484, 21.657018698906114)	12.3	6.061	69.98333333333333	5.131	20.433333333333334	5.52	13.043970838011258	5.211489801295047	8	12.3	driving
168	169	(47.50130443126691, 21.685524435367142)	14.75	7.451	91.35	6.657	26.983333333333334	7.698	12.878621897733716	5.629234845218948	8	12.878621897733716	drone
169	170	(47.52573470291293, 21.6003668819964)	12.25	4.285	34.88333333333333	2.575	8.4	2.644	8.307834213175706	2.486009280576519	8	8.307834213175706	drone
170	171	(47.522691333924875, 21.639835543524644)	9.483333333333333	3.247	29.966666666666665	2.147	9.716666666666667	2.338	7.505959994757154	1.77761094353684	8	7.505959994757154	drone
171	172	(47.519054228577986, 21.707277758190106)	16.233333333333334	7.708	95.26666666666667	6.982	24.65	7.768	12.730281345065368	6.119629557058766	5	12.730281345065368	drone
172	173	(47.525591050427266, 21.65984278206051)	9.666666666666666	3.573	40.28333333333333	2.926	12.4	3.544	7.300625802988594	2.4977085552734146	5	7.300625802988594	drone
173	174	(47.52304731961413, 21.6176242958419)	11.166666666666666	3.933	22.466666666666665	1.656	6.233333333333333	1.904	8.269986213328831	2.0183047327052437	8	6.233333333333333	bicycling
174	175	(47.52544062919923, 21.654560309827566)	10.583333333333334	4.081	39.2	2.822	12.45	2.826	7.276088745826793	2.306666009876968	5	7.276088745826793	drone
175	176	(47.540028270584024, 21.598797638030845)	11.15	3.958	41.6	3.038	10.4	3.054	6.092104107306584	2.394736071537723	1	6.092104107306584	drone
176	177	(47.502995904726056, 21.644994134989208)	10.066666666666666	4.522	54.43333333333333	3.974	16.75	4.351	11.901368145119674	3.9748500957309365	12	10.066666666666666	driving
177	178	(47.525232577035794, 21.589592237346295)	12.933333333333334	5.012	49.766666666666666	3.635	11.3	3.649	9.113603842696405	3.2319386595246327	7	9.113603842696405	drone
178	179	(47.48865793146956, 21.681726925870443)	18.216666666666665	7.978	96.81666666666666	7.11	26.2	7.499	14.57733640939191	6.594874011440682	8	14.57733640939191	drone
179	180	(47.52082732365614, 21.634191888070806)	7.816666666666666	2.589	23.816666666666666	1.709	11.05	2.432	7.396326866972193	1.6536319409082199	9	7.396326866972193	drone
180	181	(47.54124420906356, 21.599592911869888)	10.716666666666667	3.817	39.45	2.892	10.083333333333334	2.92	6.084239162742844	2.389492775161896	1	6.084239162742844	drone
181	182	(47.51251468305605, 21.67800467009973)	14.766666666666667	6.241	73.06666666666666	5.302	19.266666666666666	5.363	11.406729495421976	4.796750828928771	5	11.406729495421976	drone
182	183	(47.547563893657994, 21.653456489790404)	10.716666666666667	3.507	37.016666666666666	2.603	11.066666666666666	2.861	7.0767472348022045	2.5189936064104996	4	7.0767472348022045	drone
183	184	(47.4950536549687, 21.637473795100004)	11.666666666666666	5.384	62.8	4.61	18.866666666666667	5.215	15.832543241604386	5.893247830171998	9	11.666666666666666	driving
184	185	(47.51226683803907, 21.689608059917646)	15.266666666666667	6.8	82.46666666666667	6.019	20.916666666666668	6.464	12.563354377394884	5.4877281566440494	6	12.563354377394884	drone
185	186	(47.498230665634075, 21.63600651716552)	11.15	4.913	58.95	4.321	17.516666666666666	4.742	16.44901349157738	5.665901278143005	12	11.15	driving
186	187	(47.509837188405996, 21.627885072192797)	9.066666666666666	3.349	37.7	2.746	13.433333333333334	3.199	10.403923990589854	3.236803110664492	9	9.066666666666666	driving
187	188	(47.50845494091422, 21.62506457582187)	9.416666666666666	3.573	41.56666666666667	3.037	12.55	3.861	11.568776409124153	3.625336695386271	10	9.416666666666666	driving
188	189	(47.49305111150567, 21.65517454639833)	14.216666666666667	6.171	76.4	5.623	22.866666666666667	6.385	13.038302648581217	5.344103288906952	8	13.038302648581217	drone
189	190	(47.506733810865015, 21.687945521939326)	13.7	6.776	82.16666666666667	5.982	20.9	6.14	12.62423133125122	5.689684955779665	5	12.62423133125122	drone
190	191	(47.523507579346, 21.651510544801173)	10.133333333333333	3.564	38.983333333333334	2.806	11.75	2.811	7.964352086697376	2.4817886358746404	5	7.964352086697376	drone
191	192	(47.5192040736588, 21.68133939300542)	12.216666666666667	5.24	64.76666666666667	4.702	17.1	5.147	10.23000983535485	4.353865132499639	5	10.23000983535485	drone
192	193	(47.54587652942327, 21.616696676019362)	10.816666666666666	3.422	30.8	2.24	8.483333333333333	2.446	5.09101984840235	1.7273465656015665	1	5.09101984840235	drone
193	194	(47.515736740909226, 21.630456080987177)	8.233333333333333	2.839	30.916666666666668	2.248	11.65	2.671	8.43203687237664	2.3365416993433943	8	8.233333333333333	driving
194	195	(47.515451826703696, 21.707942517189814)	17.166666666666668	7.484	95.06666666666666	6.946	23.633333333333333	7.391	12.630055326489735	6.249236179588813	4	12.630055326489735	drone
195	196	(47.55362301744673, 21.66703563161822)	13.35	4.78	54.7	3.876	14.516666666666667	4.134	9.960810210991212	4.003523547455511	5	9.960810210991212	drone
196	197	(47.520619225186486, 21.58923698223423)	13.55	5.153	51.6	3.777	12.15	4.165	10.005215593476965	3.546265306938757	8	10.005215593476965	drone
197	198	(47.531609227153126, 21.638664872589263)	6.45	1.568	13.216666666666667	0.954	4.133333333333334	1.278	3.628029215502512	0.7520194770016746	1	3.628029215502512	drone
198	199	(47.52125945048892, 21.64389155467151)	9.7	3.538	30.8	2.211	9.9	2.402	7.284341388386685	1.8620344688710637	8	7.284341388386685	drone
199	200	(47.52369757524757, 21.649068627911166)	9.566666666666666	2.947	30.516666666666666	2.187	9.933333333333334	2.194	7.385032111654407	2.2052957229636156	5	7.385032111654407	drone
200	201	(47.54094831669461, 21.657597087042063)	11.716666666666667	4.536	40.733333333333334	2.901	10.483333333333333	2.944	11.646088505629246	3.8916924204167227	5	10.483333333333333	bicycling
201	202	(47.53222222490167, 21.68361205841063)	12.216666666666667	5.013	61.56666666666667	4.461	17.016666666666666	4.98	11.690696614012003	4.789111723326394	5	11.690696614012003	drone
202	203	(47.518510479373006, 21.61796022906478)	9.733333333333333	2.963	30.133333333333333	2.18	8.2	2.468	8.082627013460959	2.4122514776017336	5	8.082627013460959	drone
203	204	(47.49918482793847, 21.682902387274957)	16.1	7.844	93.5	6.8	26.266666666666666	7.413	11.590221042157193	5.5357985652835655	4	11.590221042157193	drone
204	205	(47.49672158248018, 21.652838741076383)	12.116666666666667	5.804	71.05	5.208	20.65	5.597	12.383856162975237	4.903856541274784	8	12.116666666666667	driving
205	206	(47.5302949943193, 21.64960138524102)	8.116666666666667	2.666	29.266666666666666	2.099	8.95	2.599	6.665404611500942	1.8480964134907893	5	6.665404611500942	drone
206	207	(47.55834984017553, 21.610241891130535)	13.266666666666667	4.887	51.233333333333334	3.738	13.816666666666666	4.147	7.266879720765213	3.1779198138434754	1	7.266879720765213	drone
207	208	(47.545611608090766, 21.59455682616736)	13.633333333333333	5.082	55.166666666666664	4.031	14.25	4.245	8.955848872684298	3.1243564742949137	7	8.955848872684298	drone
208	209	(47.50896013123749, 21.608408403805903)	10.983333333333333	4.804	49.516666666666666	3.686	11.666666666666666	3.696	16.825037904788086	5.297915807054912	13	10.983333333333333	driving
209	210	(47.502471516308496, 21.628095996010686)	10.566666666666666	4.57	51.016666666666666	3.727	17.066666666666666	4.422	11.53777202077831	4.024021852243522	9	10.566666666666666	driving
210	211	(47.49534676486755, 21.674732597999682)	15.7	7.404	87.26666666666667	6.418	24.116666666666667	6.807	13.123660198189311	5.656177077210936	8	13.123660198189311	drone
211	212	(47.515281678214215, 21.65947478638139)	11.35	4.516	48.983333333333334	3.542	13.716666666666667	3.542	9.047206304574019	3.102952706950872	8	9.047206304574019	drone
212	213	(47.5084564262046, 21.61223498516428)	11.916666666666666	5.027	48.11666666666667	3.573	13.15	4.074	17.77295370687255	5.90579858231632	9	11.916666666666666	driving
213	214	(47.566699119338594, 21.596931118985907)	14.4	6.53	74.48333333333333	5.449	18.9	5.663	9.215350413156084	4.47690027543739	1	9.215350413156084	drone
214	215	(47.52137444703296, 21.5944027773525)	13.516666666666667	4.919	43.11666666666667	3.199	10.283333333333333	3.548	9.501189888490156	3.1847885705930157	8	9.501189888490156	drone
215	216	(47.519169309128685, 21.62059267275919)	9.1	2.833	27.783333333333335	1.999	7.366666666666666	2.191	7.703482324379302	2.2111144167416987	5	7.366666666666666	bicycling
216	217	(47.53610345219416, 21.653707581853176)	9.95	3.287	33.31666666666667	2.392	8.683333333333334	2.378	10.147663417533277	3.171518272144423	5	8.683333333333334	bicycling
217	218	(47.55851200349963, 21.605765150183416)	13.783333333333333	5.694	56.63333333333333	4.145	15.316666666666666	4.713	7.531128276475954	3.3540855176506357	1	7.531128276475954	drone
218	219	(47.51446628047221, 21.68157280716212)	14.916666666666666	5.998	75.23333333333333	5.46	19.566666666666666	5.905	11.69052976825622	4.872286504563216	6	11.69052976825622	drone
219	220	(47.51564045577444, 21.663658962255152)	11.116666666666667	4.381	50.18333333333333	3.628	14.033333333333333	3.628	9.900061906576196	3.4990312731074757	8	9.900061906576196	drone
220	221	(47.512983103633, 21.691829031289956)	14.266666666666667	6.508	80.7	5.889	20.566666666666666	6.334	12.263375906171555	5.529067470333047	5	12.263375906171555	drone
221	222	(47.54691547625355, 21.59036837760991)	13.1	5.146	56.083333333333336	4.084	14.0	4.271	9.436276928627821	3.457110855431599	7	9.436276928627821	drone
222	223	(47.52755330144639, 21.580781256742824)	13.416666666666666	5.505	56.75	4.128	12.766666666666667	4.143	9.611963024989354	3.777537886486578	6	9.611963024989354	drone
223	224	(47.49298801245518, 21.66109650560272)	13.45	6.88	78.76666666666667	5.779	22.333333333333332	6.168	13.884372359708637	5.728713770539217	8	13.45	driving
224	225	(47.49239675182871, 21.63573047634165)	12.333333333333334	5.715	66.13333333333334	4.866	19.75	5.546	18.16602232692672	6.558602083026005	12	12.333333333333334	driving
225	226	(47.509557286950916, 21.69306257464735)	15.966666666666667	7.145	87.46666666666667	6.388	21.966666666666665	6.833	13.373614160739974	5.942101881522254	6	13.373614160739974	drone
226	227	(47.517852950185194, 21.657371208222287)	10.8	4.181	47.483333333333334	3.428	12.8	3.428	8.906264358116971	2.9048929519860667	8	8.906264358116971	drone
227	228	(47.51119967088777, 21.614908326628445)	10.516666666666667	4.42	41.56666666666667	3.096	9.966666666666667	3.106	17.493102692765902	5.382253830080122	12	9.966666666666667	bicycling
228	229	(47.520512770074156, 21.62010641094691)	8.883333333333333	2.706	26.083333333333332	1.872	7.0	2.064	7.627113682015678	2.1248155984739645	5	7.0	bicycling
229	230	(47.527887072015865, 21.585432826715344)	12.25	4.927	48.666666666666664	3.551	10.716666666666667	3.566	9.09284232962389	3.429136015161426	6	9.09284232962389	drone
230	231	(47.51520729743732, 21.609178916175743)	11.516666666666667	3.607	38.88333333333333	2.817	12.516666666666667	3.294	9.919204673512807	3.106881465351761	8	9.919204673512807	drone
231	232	(47.54283802335169, 21.657830218807884)	11.983333333333333	4.717	39.06666666666667	2.773	10.016666666666667	2.806	10.94664219550568	3.7113166261367523	5	10.016666666666667	bicycling
232	233	(47.51532909021734, 21.68350845072016)	13.716666666666667	5.96	74.38333333333334	5.422	19.133333333333333	5.867	11.290782817834307	4.866566759829242	5	11.290782817834307	drone
233	234	(47.549685205895784, 21.62316895114882)	11.533333333333333	3.765	30.733333333333334	2.23	10.133333333333333	2.733	5.410253970274651	1.940169313516434	1	5.410253970274651	drone
234	235	(47.549585781111034, 21.628123959474564)	9.433333333333334	3.143	30.733333333333334	2.236	9.75	2.829	5.325505769704683	1.8836705131364553	1	5.325505769704683	drone
235	236	(47.539400727122164, 21.582895979308432)	14.716666666666667	6.436	60.78333333333333	4.454	14.883333333333333	4.47	8.53689743496319	3.5245279505274447	4	8.53689743496319	drone
236	237	(47.53861734051261, 21.636243410273362)	7.65	1.995	14.25	1.015	4.983333333333333	1.029	3.803428057934359	0.8689520386229057	1	3.803428057934359	drone
237	238	(47.5449648856538, 21.658747568522976)	11.883333333333333	4.873	42.93333333333333	3.056	11.383333333333333	3.089	10.36639632608409	3.6059444252514186	5	10.36639632608409	drone
238	239	(47.54502169413718, 21.590819767832002)	13.25	5.102	52.0	3.793	14.383333333333333	4.016	7.245024838416432	3.1633498922776218	1	7.245024838416432	drone
239	240	(47.521134435757354, 21.588412262222562)	14.7	5.839	57.78333333333333	4.24	13.416666666666666	4.628	9.99211678517892	3.558806525180918	8	9.99211678517892	drone
240	241	(47.504346329319525, 21.64939024043808)	10.416666666666666	4.76	54.516666666666666	3.988	17.233333333333334	4.379	11.286461644172501	4.099351146398076	8	10.416666666666666	driving
241	242	(47.503684626470594, 21.623434990441535)	9.833333333333334	4.454	49.56666666666667	3.632	16.65	4.306	12.632711384649136	4.25043293306334	10	9.833333333333334	driving
242	243	(47.54593668889955, 21.580914167773855)	13.5	5.636	63.1	4.585	16.266666666666666	4.79	8.326120692956561	3.884080461971041	1	8.326120692956561	drone
243	244	(47.52621070767723, 21.58630628712933)	12.533333333333333	5.028	50.06666666666667	3.651	11.316666666666666	3.666	9.125594972761325	3.4255907479344936	6	9.125594972761325	drone
244	245	(47.54341565692016, 21.623963534172738)	10.4	3.025	25.85	1.889	8.366666666666667	2.146	4.375169710622813	1.2501131404152082	1	4.375169710622813	drone
245	246	(47.55316789626709, 21.61260817632898)	13.566666666666666	5.113	42.81666666666667	3.119	10.933333333333334	3.33	6.375652664049479	2.5837684426996526	1	6.375652664049479	drone
246	247	(47.490186621761616, 21.66506125414302)	14.366666666666667	7.238	83.51666666666667	6.137	24.183333333333334	6.845	14.564160224518874	6.164132347135711	8	14.366666666666667	driving
247	248	(47.531304531464635, 21.64321524573757)	7.183333333333334	1.966	19.95	1.429	6.583333333333333	1.788	4.142434311899449	1.0949562079329664	1	4.142434311899449	drone
248	249	(47.544116802620444, 21.625898068963885)	8.2	2.449	21.25	1.542	5.45	1.566	4.4394977272494796	1.2929984848329865	1	4.4394977272494796	drone
249	250	(47.531245299559984, 21.634952201444527)	5.8	1.414	10.0	0.714	3.1	0.945	3.2348769354441056	0.48991795696273693	1	3.1	bicycling
250	251	(47.511123727683, 21.70755458038837)	18.366666666666667	7.959	101.65	7.421	25.266666666666666	7.866	13.643824443900172	6.572320940155731	5	13.643824443900172	drone
251	252	(47.53583473675749, 21.677342222788788)	12.766666666666667	4.889	60.1	4.351	14.616666666666667	4.272	11.886788549678624	4.627489679560224	5	11.886788549678624	drone
252	253	(47.538204746052386, 21.669957865743985)	12.05	4.924	48.96666666666667	3.546	13.316666666666666	3.78	11.966321727349898	4.3987412136637944	5	11.966321727349898	drone
253	254	(47.53886577025499, 21.642498180595794)	8.833333333333334	2.276	19.866666666666667	1.372	5.933333333333334	1.382	4.361453908692044	1.240969272461363	1	4.361453908692044	drone
254	255	(47.540480188861295, 21.67478116802774)	13.266666666666667	5.561	58.96666666666667	4.285	14.733333333333333	4.287	13.017215794149898	4.95352400000721	5	13.017215794149898	drone
255	256	(47.49336947635604, 21.653295190744196)	12.416666666666666	5.993	73.93333333333334	5.444	21.433333333333334	5.934	12.740944962844134	5.200549269326126	8	12.416666666666666	driving
256	257	(47.50278603356793, 21.685103759260713)	15.133333333333333	7.462	87.5	6.372	27.066666666666666	7.74	12.830461757662068	5.549321503913718	8	12.830461757662068	drone
257	258	(47.545995890686, 21.616182411171184)	10.9	3.468	34.4	2.511	9.233333333333333	2.717	5.138630415430203	1.7590869436201357	1	5.138630415430203	drone
258	259	(47.52475415472523, 21.666564614723296)	12.816666666666666	4.926	49.38333333333333	3.569	15.616666666666667	4.19	6.955875330819281	2.9705835538795204	1	6.955875330819281	drone
259	260	(47.48921835811868, 21.676945981854832)	15.55	7.24	91.11666666666666	6.703	25.033333333333335	7.092	14.487994635224451	6.430016760060774	8	14.487994635224451	drone
260	261	(47.55382318549479, 21.62094536013282)	13.05	4.257	44.21666666666667	3.201	12.583333333333334	3.485	6.139512455708891	2.4263416371392603	1	6.139512455708891	drone
261	262	(47.52499425168234, 21.64782119432166)	9.816666666666666	3.026	31.566666666666666	2.267	10.166666666666666	2.273	7.482016032640042	2.159710699947965	5	7.482016032640042	drone
262	263	(47.490318583546824, 21.658369318099233)	14.216666666666667	7.271	80.75	5.939	22.783333333333335	6.38	13.725223077679793	5.761301030921114	8	13.725223077679793	drone
263	264	(47.54592135605055, 21.588128675628344)	12.583333333333334	5.233	57.266666666666666	4.182	14.166666666666666	4.383	7.583110225738197	3.388740150492131	1	7.583110225738197	drone
264	265	(47.51740378631254, 21.66653819755292)	11.283333333333333	4.349	49.9	3.596	13.85	3.596	9.925287790185402	3.793855391642146	5	9.925287790185402	drone
265	266	(47.51252583019804, 21.675290254803677)	14.5	6.0	68.63333333333334	4.983	18.05	5.044	10.9466284570943	4.556548364977524	5	10.9466284570943	drone
266	267	(47.53009578339229, 21.63955648038787)	5.966666666666667	1.559	14.233333333333333	1.022	5.416666666666667	1.566	3.7875754155068084	0.8583836103378722	1	3.7875754155068084	drone
267	268	(47.54800111762304, 21.588234221709083)	13.466666666666667	5.616	62.36666666666667	4.565	15.25	4.766	9.770929408045868	3.6679826267219524	7	9.770929408045868	drone
268	269	(47.492815570475095, 21.652028394989557)	13.133333333333333	5.934	73.18333333333334	5.386	21.233333333333334	5.801	13.687216885427423	5.193185675883108	12	13.133333333333333	driving
269	270	(47.52817135540437, 21.69330805164531)	12.85	5.896	73.56666666666666	5.358	20.216666666666665	5.934	12.098229326004583	5.301646629420439	5	12.098229326004583	drone
270	271	(47.522905053627206, 21.700838758991203)	14.833333333333334	6.902	83.26666666666667	6.094	22.383333333333333	6.962	12.310999848909274	5.696360701211394	5	12.310999848909274	drone
271	272	(47.55541494884203, 21.666858565508814)	13.15	4.881	55.766666666666666	3.963	14.966666666666667	4.285	9.387163984981449	3.8716661593869146	5	9.387163984981449	drone
272	273	(47.48570275346542, 21.67164755742531)	16.466666666666665	7.44	93.9	6.903	25.516666666666666	7.293	15.35394079320378	6.7682930566555095	8	15.35394079320378	drone
273	274	(47.55104855400613, 21.59686475382647)	12.483333333333333	4.945	54.266666666666666	3.951	13.65	4.138	8.070605942161556	3.181633075471215	4	8.070605942161556	drone
274	275	(47.520460340281055, 21.645282324875524)	10.033333333333333	3.754	33.63333333333333	2.42	10.533333333333333	2.611	7.407310270032748	1.9710071353319134	8	7.407310270032748	drone
275	276	(47.497113219680465, 21.678508344450705)	15.933333333333334	7.649	88.55	6.507	24.466666666666665	6.896	12.676511042422439	5.527745688907003	8	12.676511042422439	drone
276	277	(47.52206144623304, 21.611245976635928)	10.133333333333333	3.025	27.733333333333334	2.044	7.266666666666667	2.292	8.508434609755437	2.302272895306047	8	7.266666666666667	bicycling
277	278	(47.5093098847014, 21.702482015947442)	16.233333333333334	7.247	91.91666666666667	6.709	22.933333333333334	7.154	13.654237978631535	6.441563398557749	5	13.654237978631535	drone
278	279	(47.51367846745556, 21.633534941313464)	7.95	3.008	33.8	2.46	12.133333333333333	2.84	7.47305436803076	2.3942589494236226	5	7.47305436803076	drone
279	280	(47.53510300082998, 21.57519830598608)	14.966666666666667	6.217	58.56666666666667	4.277	14.45	4.293	11.919460043802138	4.3219288576084285	11	11.919460043802138	drone
280	281	(47.5340316809765, 21.616513650822245)	10.916666666666666	3.786	15.816666666666666	1.168	4.916666666666667	1.601	4.671470551304098	0.9401669112894719	4	4.671470551304098	drone
281	282	(47.523600629795496, 21.711257718021628)	16.533333333333335	8.173	99.15	7.283	27.2	8.256	13.737432740359589	6.549847242812819	5	13.737432740359589	drone
282	283	(47.553355719823124, 21.615305684874354)	12.25	4.307	39.833333333333336	2.893	11.05	3.358	6.271357308495135	2.5142382056634234	1	6.271357308495135	drone
283	284	(47.540534227936405, 21.610236365213993)	8.783333333333333	3.104	29.966666666666665	2.194	8.116666666666667	2.309	4.966415187944529	1.6442767919630188	1	4.966415187944529	drone
284	285	(47.52931874587849, 21.641006451479836)	9.2	2.508	16.216666666666665	1.16	7.45	1.682	3.986138083892533	0.990758722595022	1	3.986138083892533	drone
285	286	(47.52047845606982, 21.64522381531681)	10.05	3.758	33.68333333333333	2.424	10.55	2.615	7.408927423778348	1.9693208452584123	8	7.408927423778348	drone
286	287	(47.503206476030016, 21.670737255890067)	14.9	6.408	77.01666666666667	5.614	22.883333333333333	6.352	11.262791074598109	4.609893683623108	8	11.262791074598109	drone
287	288	(47.54955195481049, 21.666071226243698)	12.5	4.556	51.38333333333333	3.652	13.883333333333333	3.909	10.867450983976003	4.141969998313158	5	10.867450983976003	drone
288	289	(47.53068946561714, 21.5995929956837)	11.0	3.963	35.78333333333333	2.612	9.0	2.96	7.367567245453167	2.3064456052445133	6	7.367567245453167	drone
289	290	(47.526885062840826, 21.58917563796353)	17.283333333333335	7.971	44.416666666666664	3.244	11.45	3.46	8.7750445139007	3.1954727085466046	6	8.7750445139007	drone
290	291	(47.53133907745278, 21.687375848980437)	11.916666666666666	5.173	63.78333333333333	4.635	17.116666666666667	5.153	11.945812065494893	5.016524359032207	5	11.916666666666666	driving
291	292	(47.50635096742803, 21.668552335884566)	13.35	5.866	69.75	5.072	22.566666666666666	6.221	9.61105483300643	4.210692806199837	4	9.61105483300643	drone
292	293	(47.51355424302897, 21.63882249950681)	9.283333333333333	3.296	37.016666666666666	2.7	13.183333333333334	3.139	8.933172584331363	2.6045754048147014	9	8.933172584331363	drone
293	294	(47.551288956008676, 21.601863283180805)	13.8	5.101	52.93333333333333	3.875	13.533333333333333	4.012	6.840518596375913	2.893679064250609	1	6.840518596375913	drone
294	295	(47.52109780083235, 21.578135435506006)	15.7	6.673	65.9	4.807	15.95	4.822	10.868374611134584	4.212551401137875	8	10.868374611134584	drone
295	296	(47.49124140547965, 21.64318000354452)	14.333333333333334	6.206	72.81666666666666	5.356	21.216666666666665	6.037	14.73973785444141	5.778279394537619	9	14.333333333333334	driving
296	297	(47.54542993511815, 21.64934930734414)	9.816666666666666	3.1	31.45	2.196	9.033333333333333	2.431	6.4441221175704015	2.1142377031195396	4	6.4441221175704015	drone
297	298	(47.48750418276139, 21.6726856746135)	15.833333333333334	7.196	90.7	6.659	24.866666666666667	7.049	14.93618203228581	6.565480570370779	8	14.93618203228581	drone
298	299	(47.524037737264486, 21.587280775766423)	13.4	5.353	54.43333333333333	3.976	12.283333333333333	3.991	9.427895480105716	3.4387116512153355	7	9.427895480105716	drone
299	300	(47.53690830211527, 21.574251927713355)	16.233333333333334	6.922	62.38333333333333	4.57	15.633333333333333	4.586	10.931143296393552	4.203673030507207	9	10.931143296393552	drone
300	301	(47.55697422992163, 21.61362157985365)	12.516666666666667	4.509	46.11666666666667	3.36	12.766666666666667	3.769	6.900732455229332	2.933821636819555	1	6.900732455229332	drone
301	302	(47.54776981678673, 21.665345488947384)	12.566666666666666	4.378	48.85	3.474	13.366666666666667	3.732	11.207319951381082	4.178845930199763	5	11.207319951381082	drone
302	303	(47.51517587059117, 21.614927886798043)	10.15	3.432	36.016666666666666	2.674	8.8	2.684	8.76005781698482	2.8551469016558784	5	8.76005781698482	drone
303	304	(47.550698025898164, 21.600273746950656)	13.283333333333333	5.206	55.65	4.08	14.083333333333334	4.217	6.899257431117144	2.932838287411429	1	6.899257431117144	drone
304	305	(47.52872529426912, 21.58572795559383)	12.366666666666667	4.991	49.56666666666667	3.614	10.9	3.629	9.003742533999166	3.381598802246525	6	9.003742533999166	drone
305	306	(47.52899244292465, 21.606438716968917)	10.85	3.794	26.233333333333334	1.917	7.233333333333333	2.153	6.8334170236636	1.890342808497794	6	6.8334170236636	drone
306	307	(47.53307542962906, 21.58206460814761)	13.783333333333333	5.597	55.18333333333333	4.041	13.433333333333334	4.119	10.585797615034343	3.69854582867203	10	10.585797615034343	drone
307	308	(47.5137798264861, 21.62949136674582)	9.516666666666667	3.562	30.8	2.249	10.816666666666666	2.629	9.306883877479441	2.651841293868528	9	9.306883877479441	drone
308	309	(47.552709882098014, 21.62578935559699)	10.516666666666667	3.812	40.583333333333336	2.942	11.65	3.178	5.862415713113084	2.2416104754087227	1	5.862415713113084	drone
309	310	(47.510912468557436, 21.61012966695885)	11.1	4.758	46.233333333333334	3.442	10.95	3.452	16.478362388121436	5.0560318132770865	13	10.95	bicycling
310	311	(47.53055483426404, 21.68771052019237)	12.583333333333334	5.518	68.45	4.98	18.05	5.499	11.834115388583776	4.99373002837278	5	11.834115388583776	drone
311	312	(47.5392871350794, 21.620396605374605)	8.45	2.365	19.383333333333333	1.418	5.45	1.487	3.9538425244177082	0.9692283496118054	1	3.9538425244177082	drone
312	313	(47.4837642324125, 21.67839775676733)	17.4	7.819	99.13333333333334	7.282	26.783333333333335	7.671	15.656087770983904	7.097700725674004	8	15.656087770983904	drone
313	314	(47.54414276756356, 21.61327736467054)	14.75	5.172	32.95	2.397	9.083333333333334	2.624	5.091553106619654	1.7277020710797693	1	5.091553106619654	drone
314	315	(47.533682001973624, 21.629788774913877)	4.966666666666667	1.082	2.85	0.187	1.0166666666666666	0.187	2.7068508523133277	0.13790056820888502	1	1.0166666666666666	bicycling
315	316	(47.51937134478189, 21.70118514895599)	15.8	7.505	90.01666666666667	6.595	24.083333333333332	7.565	11.731643848897265	5.644414734133381	4	11.731643848897265	drone
316	317	(47.54343059944809, 21.67287824515677)	14.016666666666667	6.148	57.0	4.097	14.45	4.211	13.890520662793461	5.224279159873555	5	13.890520662793461	drone
317	318	(47.48810563012024, 21.660934506309424)	14.416666666666666	7.416	85.93333333333334	6.319	23.75	6.708	14.267656084255185	6.0947299423791526	8	14.267656084255185	drone
318	319	(47.496192968774224, 21.637913801499707)	11.4	5.309	60.78333333333333	4.459	18.683333333333334	5.14	15.334571796348254	5.667393484303137	9	11.4	driving
319	320	(47.506650662114, 21.687804023270647)	13.7	6.776	82.16666666666667	5.982	20.9	6.14	12.598314443813713	5.679113858093015	5	12.598314443813713	drone
320	321	(47.544405873032304, 21.653447960531896)	10.75	3.64	37.4	2.652	9.833333333333334	2.731	8.873160224824119	2.9247241989120742	5	8.873160224824119	drone
321	322	(47.54296817983721, 21.582681104765207)	13.733333333333333	5.852	64.45	4.71	16.333333333333332	4.935	7.967318042487674	3.6448786949917826	1	7.967318042487674	drone
322	323	(47.50334596041159, 21.68398977480142)	15.833333333333334	7.063	86.13333333333334	6.269	26.833333333333332	7.668	12.670416460554215	5.4438405694617185	8	12.670416460554215	drone
323	324	(47.52200346596157, 21.582894378932174)	14.316666666666666	5.708	59.36666666666667	4.331	13.333333333333334	4.346	10.32744917407667	3.8468768651185123	8	10.32744917407667	drone
324	325	(47.545849463476834, 21.64532244184825)	9.666666666666666	2.987	30.333333333333332	2.092	11.666666666666666	2.83	6.3208822529948385	1.9851526959689167	4	6.3208822529948385	drone
325	326	(47.502625968779945, 21.63238772386733)	9.916666666666666	4.173	49.56666666666667	3.625	15.483333333333333	4.005	10.537735252474643	3.7707577211989216	8	9.916666666666666	driving
326	327	(47.52548245690711, 21.641176575278656)	7.45	2.189	20.566666666666666	1.436	7.2	1.436	5.145132872650112	1.2447762778293332	4	5.145132872650112	drone
327	328	(47.54749640046495, 21.62535837114367)	11.8	3.887	27.0	1.956	9.2	2.61	5.005664072863599	1.6704427152423993	1	5.005664072863599	drone
328	329	(47.5527671852716, 21.65841716975171)	12.816666666666666	4.396	49.15	3.494	13.666666666666666	3.751	8.042131848397434	3.1750533664326928	4	8.042131848397434	drone
329	330	(47.558530446883715, 21.666072043997602)	14.033333333333333	5.256	61.2	4.349	16.3	4.609	9.374421554295882	4.0489972976359105	4	9.374421554295882	drone
330	331	(47.505796571654166, 21.67627212752464)	13.85	6.213	74.6	5.419	25.216666666666665	7.129	11.515925024315978	4.748053367751559	8	11.515925024315978	drone
331	332	(47.51941095060017, 21.67976500501921)	12.366666666666667	5.186	64.03333333333333	4.648	16.966666666666665	5.093	10.09024970681754	4.247951948078245	5	10.09024970681754	drone
332	333	(47.54394879096145, 21.621794806669094)	9.116666666666667	2.773	23.85	1.739	7.6	1.894	4.541400232517082	1.3609334883447215	1	4.541400232517082	drone
333	334	(47.53814901886267, 21.674326798843808)	12.733333333333333	5.245	55.93333333333333	4.063	14.783333333333333	4.298	12.273983925016966	4.661860743910759	5	12.273983925016966	drone
334	335	(47.511748319214725, 21.62349400631467)	9.083333333333334	3.346	38.333333333333336	2.81	11.2	3.511	11.872308149543269	3.5529911123411395	10	9.083333333333334	driving
335	336	(47.51421715814538, 21.641189860131135)	9.483333333333333	3.424	39.083333333333336	2.849	11.966666666666667	3.094	9.199062265472248	2.7756944142902316	8	9.199062265472248	drone
336	337	(47.52774907660447, 21.595883529256604)	11.233333333333333	4.139	37.88333333333333	2.763	8.433333333333334	2.778	8.012337835045782	2.6849617267391106	6	8.012337835045782	drone
337	338	(47.5617318320641, 21.60027450847284)	14.933333333333334	6.07	64.36666666666666	4.715	16.616666666666667	4.92	8.31523194401129	3.8768212960075252	1	8.31523194401129	drone
338	339	(47.513493166406526, 21.61207428409085)	10.433333333333334	3.682	39.36666666666667	2.924	9.483333333333333	2.934	10.444352089763091	3.2172984501472772	9	9.483333333333333	bicycling
339	340	(47.48706826799469, 21.652639021684426)	15.666666666666666	6.566	81.6	6.018	22.966666666666665	6.433	14.7444265345662	5.852981790383323	12	14.7444265345662	drone
340	341	(47.501956914764015, 21.672987503720535)	18.133333333333333	7.579	87.85	6.462	24.3	6.851	11.545481400993895	4.812819472080426	8	11.545481400993895	drone
341	342	(47.507069356349604, 21.61686654424021)	10.433333333333334	4.253	46.18333333333333	3.43	11.333333333333334	3.44	14.765365646914839	4.829279387006562	10	10.433333333333334	driving
342	343	(47.52960442884299, 21.5946115013963)	11.55	4.484	41.5	3.032	9.2	3.047	7.988776039178155	2.706249291825243	6	7.988776039178155	drone
343	344	(47.506125742909774, 21.652022463415815)	12.983333333333333	5.369	54.266666666666666	3.972	18.583333333333332	4.351	11.438967151654829	4.110165973556079	8	11.438967151654829	drone
344	345	(47.487071770233655, 21.656295915354566)	16.066666666666666	6.616	94.18333333333334	6.937	25.5	7.326	13.76010763016466	5.906890217359815	8	13.76010763016466	drone
345	346	(47.501549321255716, 21.668936505971082)	14.733333333333333	6.288	78.33333333333333	5.751	22.266666666666666	6.141	11.72631300935669	4.786665583720532	8	11.72631300935669	drone
346	347	(47.50893590487636, 21.615656859045842)	10.1	4.331	45.46666666666667	3.377	11.183333333333334	3.387	15.668891117504097	4.963697846377679	11	10.1	driving
347	348	(47.49948175899007, 21.64555381940342)	12.616666666666667	5.429	65.45	4.801	18.983333333333334	5.178	12.833933281447992	4.393519317124246	13	12.616666666666667	driving
348	349	(47.50447926152883, 21.648104753133076)	10.85	4.907	55.766666666666666	4.082	17.516666666666666	4.473	11.047503129648087	3.992220998644763	8	10.85	driving
349	350	(47.56182730125542, 21.605850610632004)	14.016666666666667	5.734	58.93333333333333	4.314	15.416666666666666	4.723	8.008011695351845	3.6720077969012306	1	8.008011695351845	drone
350	351	(47.51035520330669, 21.63868684950813)	8.816666666666666	3.578	40.15	2.941	13.633333333333333	3.321	9.167651909118918	2.8502155798492903	9	8.816666666666666	driving
351	352	(47.497156293240245, 21.65553113439747)	12.183333333333334	6.068	67.38333333333334	4.937	19.866666666666667	5.326	12.760853448972423	5.051533119332004	8	12.183333333333334	driving
352	353	(47.525641336336605, 21.675295359035754)	12.266666666666667	4.836	59.3	4.298	16.0	4.744	9.225903908391535	3.6982451272460883	5	9.225903908391535	drone
353	354	(47.55114262559674, 21.628044509033835)	10.133333333333333	3.317	33.083333333333336	2.41	10.266666666666667	3.003	5.585320422674919	2.0568802817832794	1	5.585320422674919	drone
354	355	(47.524462191088666, 21.705545602930016)	15.066666666666666	7.093	86.93333333333334	6.362	22.95	7.153	13.114610703935448	6.122900114628322	5	13.114610703935448	drone
355	356	(47.502433614055086, 21.66976778764385)	15.033333333333333	6.392	78.41666666666667	5.721	22.55	6.245	11.481333696337437	4.689148859527085	8	11.481333696337437	drone
356	357	(47.50933289482407, 21.60851999906116)	11.1	4.845	48.96666666666667	3.645	11.55	3.655	16.619690840879212	5.209452781006373	13	11.1	driving
357	358	(47.53416248338812, 21.640874737299292)	8.416666666666666	2.215	18.8	1.32	5.25	1.32	3.8865019152015092	0.9243346101343397	1	3.8865019152015092	drone
358	359	(47.50730714431208, 21.615493145501464)	10.383333333333333	4.511	47.86666666666667	3.558	11.7	3.568	15.623311496298012	5.035717058558688	11	10.383333333333333	driving
359	360	(47.525457416193646, 21.58031737541253)	13.8	5.739	58.483333333333334	4.265	13.433333333333334	4.377	9.80561693103141	3.880833307682349	6	9.80561693103141	drone
360	361	(47.499311758542035, 21.694245924632753)	14.9	7.739	95.31666666666666	6.945	23.733333333333334	7.103	14.140523090692401	6.375948465179618	8	14.140523090692401	drone
361	362	(47.53473258998153, 21.59324107007134)	13.0	5.454	40.13333333333333	2.935	10.416666666666666	3.009	9.134475639579287	2.883399871957866	9	9.134475639579287	drone
362	363	(47.52432470877737, 21.59864978013327)	12.316666666666666	4.432	38.46666666666667	2.848	9.15	2.917	8.69216529761493	2.702468961004368	8	8.69216529761493	drone
363	364	(47.53833247288711, 21.601392182138117)	10.416666666666666	3.583	35.3	2.579	9.4	2.679	5.725037561151961	2.150025040767974	1	5.725037561151961	drone
364	365	(47.521679991402216, 21.656162778896057)	11.1	4.236	39.21666666666667	2.822	11.75	2.822	8.584198617023398	2.8904676565037364	5	8.584198617023398	drone
365	366	(47.518322449052384, 21.585340478192638)	15.0	5.986	63.016666666666666	4.609	14.2	4.624	10.647450492390057	3.947084343846531	8	10.647450492390057	drone
366	367	(47.519979330458675, 21.632461023819484)	7.416666666666667	2.402	25.65	1.865	10.5	2.245	6.364174112381008	1.6727576939667057	5	6.364174112381008	drone
367	368	(47.544152068717736, 21.617233946868204)	14.416666666666666	5.163	29.216666666666665	2.124	8.2	2.338	4.816554413991801	1.5443696093278674	1	4.816554413991801	drone
368	369	(47.519339980736156, 21.592152249203888)	14.75	5.458	53.083333333333336	3.912	12.133333333333333	4.19	9.988437279687911	3.474003726739312	8	9.988437279687911	drone
369	370	(47.53163773536017, 21.6158582854795)	8.5	2.434	16.1	1.206	3.8333333333333335	1.388	5.551582252549296	1.0883864646186674	6	3.8333333333333335	bicycling
370	371	(47.51935283994385, 21.68559639217063)	13.266666666666667	5.7	70.91666666666667	5.162	18.4	5.607	10.452134148497205	4.575346368740512	5	10.452134148497205	drone
371	372	(47.53092449080812, 21.61337376147458)	9.083333333333334	2.641	18.4	1.383	4.05	1.489	5.909795923118229	1.3057142201628085	6	4.05	bicycling
372	373	(47.52140201789921, 21.5945942722938)	13.483333333333333	4.91	43.0	3.19	10.266666666666667	3.539	9.483013412558556	3.17159455496999	8	9.483013412558556	drone
373	374	(47.49377100721797, 21.641236049116763)	12.983333333333333	5.824	67.66666666666667	4.974	20.1	5.655	14.695477284716443	5.610252287770135	9	12.983333333333333	driving
374	375	(47.5169330734713, 21.658303133221352)	11.033333333333333	4.005	45.13333333333333	3.252	12.983333333333333	3.252	8.984941966053379	2.9901353911322563	8	8.984941966053379	drone
375	376	(47.52496166054806, 21.68039058423985)	12.666666666666666	5.428	67.26666666666667	4.89	17.633333333333333	5.335	9.830083271334157	4.094570782704933	5	9.830083271334157	drone
376	377	(47.50614685620498, 21.6944882416855)	16.4	7.637	92.26666666666667	6.725	23.2	7.25	13.594821483817956	6.23906135271828	5	13.594821483817956	drone
377	378	(47.549196474620786, 21.63665548398734)	10.5	3.784	34.333333333333336	2.474	9.433333333333334	2.9	5.39903422062834	1.9326894804188939	1	5.39903422062834	drone
378	379	(47.506459116049434, 21.7045031655723)	17.45	7.638	97.25	7.1	24.1	7.545	14.614264106239613	6.816241073967955	6	14.614264106239613	drone
379	380	(47.52911018858089, 21.644966638637975)	8.133333333333333	2.318	20.6	1.469	7.583333333333333	2.14	4.417495238210546	1.2783301588070308	1	4.417495238210546	drone
380	381	(47.5258775039567, 21.69157553108157)	13.85	6.335	76.68333333333334	5.609	20.766666666666666	6.395	11.509938243031844	5.057681207901904	5	11.509938243031844	drone
381	382	(47.514243546610174, 21.639926573134314)	9.35	3.319	38.21666666666667	2.782	12.116666666666667	3.09	8.87601738374553	2.6478519828906775	8	8.87601738374553	drone
382	383	(47.4870735536231, 21.665172671670497)	15.733333333333333	7.889	92.41666666666667	6.792	25.216666666666665	7.181	14.913621890692296	6.433819187760786	8	14.913621890692296	drone
383	384	(47.53292625108895, 21.653946874540438)	9.2	3.087	31.85	2.283	8.0	2.283	8.572342597859071	2.636071387048539	5	8.0	bicycling
384	385	(47.52155968339651, 21.63098564477333)	8.916666666666666	2.498	20.466666666666665	1.481	6.333333333333333	1.683	6.19751617597743	1.5214228615796057	5	6.19751617597743	drone
385	386	(47.550125515661, 21.64679685684072)	12.016666666666667	3.423	35.93333333333333	2.519	11.533333333333333	3.39	7.828828070450333	2.6268965660332406	5	7.828828070450333	drone
386	387	(47.53334537535308, 21.58704990988719)	11.083333333333334	4.417	47.63333333333333	3.497	11.6	3.513	10.3299480314155	3.34310601804084	11	10.3299480314155	drone
387	388	(47.53368203424897, 21.640204676774538)	8.666666666666666	2.298	18.583333333333332	1.339	5.5	1.403	3.79936987317427	0.86624658211618	1	3.79936987317427	drone
388	389	(47.491112953127825, 21.674591070138046)	14.5	6.898	86.51666666666667	6.361	23.966666666666665	6.751	14.09700534407459	6.162353621425728	8	14.09700534407459	drone
389	390	(47.548501113171035, 21.664858310635132)	13.083333333333334	4.779	50.96666666666667	3.634	14.35	4.084	10.856912393649273	4.0682772121689315	5	10.856912393649273	drone
390	391	(47.533834342690035, 21.660665366223345)	10.033333333333333	3.65	37.833333333333336	2.716	9.566666666666666	2.716	9.64634694137967	3.2479408166314694	5	9.566666666666666	bicycling
391	392	(47.495311281280486, 21.662260710299453)	12.766666666666667	6.521	74.0	5.42	21.366666666666667	5.809	13.498844968711968	5.510206030908258	8	12.766666666666667	driving
392	393	(47.55330310624479, 21.664139182318923)	12.75	4.652	52.81666666666667	3.742	14.7	4.038	9.134935618469918	3.633483611394295	5	9.134935618469918	drone
393	394	(47.52090494025572, 21.666290147016387)	12.3	4.556	51.28333333333333	3.706	14.433333333333334	3.803	9.108373855117087	3.422139932483619	5	9.108373855117087	drone
394	395	(47.50871958735048, 21.70292794183792)	16.4	7.299	92.6	6.761	23.083333333333332	7.206	13.797752765224914	6.518590413113441	5	13.797752765224914	drone
395	396	(47.50767474144215, 21.672123184573042)	13.1	5.819	69.2	5.025	18.033333333333335	5.183	10.890106645547553	4.353037267441793	8	10.890106645547553	drone
396	397	(47.53797963034572, 21.60368518428542)	10.25	3.337	32.65	2.38	8.783333333333333	2.48	5.461008832049793	1.974005888033195	1	5.461008832049793	drone
397	398	(47.543004015628085, 21.646980706986568)	10.066666666666666	2.982	28.516666666666666	1.996	8.483333333333333	2.24	5.1809828208266255	1.7873218805510833	1	5.1809828208266255	drone
398	399	(47.553813391101656, 21.588364622783075)	14.233333333333333	6.266	69.11666666666666	5.044	16.95	5.231	10.598998910114172	4.11893308076387	7	10.598998910114172	drone
399	400	(47.51554971544567, 21.709037905357082)	18.533333333333335	8.431	104.96666666666667	7.705	26.866666666666667	8.491	11.980243116222253	6.320162077481502	1	11.980243116222253	drone
400	401	(47.53236693850596, 21.64950778660875)	9.5	3.048	29.566666666666666	2.11	7.566666666666666	2.11	7.7806207001890835	2.205571858601703	5	7.566666666666666	bicycling
401	402	(47.52681136960231, 21.689022685994008)	14.366666666666667	6.485	68.4	4.991	18.966666666666665	5.776	11.328230013016196	4.894554163295223	5	11.328230013016196	drone
402	403	(47.521198642276744, 21.677254607754193)	11.716666666666667	4.862	59.6	4.324	16.0	4.77	9.485957704164525	3.92375601529723	5	9.485957704164525	drone
403	404	(47.52364861261296, 21.687397468102745)	15.083333333333334	6.809	82.96666666666667	6.083	21.116666666666667	6.557	10.595847437230436	4.622491873092845	5	10.595847437230436	drone
404	405	(47.49911629846395, 21.637878973780264)	11.15	4.962	57.21666666666667	4.189	17.75	4.808	14.516326249436538	5.23435542315746	9	11.15	driving
405	406	(47.524562989763666, 21.692869350049527)	13.95	6.37	77.13333333333334	5.644	20.85	6.43	11.480641009444872	5.108284366210261	5	11.480641009444872	drone
406	407	(47.53545010292071, 21.6150568222005)	7.933333333333334	2.534	20.583333333333332	1.502	5.233333333333333	1.508	4.113022016081043	1.075348010720695	1	4.113022016081043	drone
407	408	(47.53103443158618, 21.63893711025576)	6.45	1.567	13.55	0.977	3.683333333333333	1.136	3.6765441906176504	0.7843627937451005	1	3.6765441906176504	drone
408	409	(47.52758996990526, 21.704621377965818)	14.883333333333333	6.924	86.28333333333333	6.32	23.216666666666665	6.954	13.406937439151466	6.163694370188664	5	13.406937439151466	drone
409	410	(47.541142040386895, 21.604783333732332)	11.066666666666666	3.808	40.25	2.921	10.533333333333333	2.943	5.549536942644362	2.0330246284295748	1	5.549536942644362	drone
410	411	(47.48658877222459, 21.665782779589993)	16.166666666666668	8.066	94.91666666666667	6.969	25.933333333333334	7.358	15.034348252752919	6.508673345357784	8	15.034348252752919	drone
411	412	(47.5195420616582, 21.643598697590118)	9.216666666666667	3.39	31.616666666666667	2.269	10.1	2.46	8.111995503808624	2.204506331694045	8	8.111995503808624	drone
412	413	(47.49900381119603, 21.679505824757687)	16.433333333333334	7.956	89.28333333333333	6.562	24.716666666666665	6.951	11.35107980928945	5.370442260918376	4	11.35107980928945	drone
413	414	(47.507377538699295, 21.678462641612196)	13.45	6.227	74.73333333333333	5.434	19.183333333333334	5.592	11.914636026564152	4.890678697536436	8	11.914636026564152	drone
414	415	(47.55043676053638, 21.6046038481798)	13.45	4.996	51.53333333333333	3.765	13.316666666666666	3.902	6.525226315413301	2.6834842102755343	1	6.525226315413301	drone
415	416	(47.55388443033259, 21.663931823641864)	13.066666666666666	4.798	52.8	3.744	14.616666666666667	4.013	8.659123855305017	3.5737111247768443	4	8.659123855305017	drone
416	417	(47.53332419356317, 21.659901652106548)	9.783333333333333	3.551	37.25	2.678	9.3	2.678	9.371704277959786	3.1265243268476475	5	9.3	bicycling
417	418	(47.55241985482623, 21.645666915278305)	11.15	4.058	39.333333333333336	2.766	11.2	3.264	8.185595498844398	2.8308266766115366	5	8.185595498844398	drone
418	419	(47.5399983186962, 21.592548163138865)	11.1	4.48	48.55	3.56	13.133333333333333	3.953	6.758640247713714	2.8390934984758096	1	6.758640247713714	drone
419	420	(47.526876676158146, 21.64282597110957)	9.2	2.559	24.883333333333333	1.785	8.266666666666667	2.366	4.353172890699051	1.2354485937993673	1	4.353172890699051	drone
420	421	(47.52380051950829, 21.593871905470145)	13.266666666666667	4.959	43.71666666666667	3.201	9.933333333333334	3.215	9.143289503125429	3.0304835788297138	8	9.143289503125429	drone
421	422	(47.51130088270086, 21.636007022454194)	8.383333333333333	3.32	38.05	2.773	13.083333333333334	3.153	7.799762936376339	2.650993391631296	5	7.799762936376339	drone
422	423	(47.50268153305715, 21.701225775942174)	18.583333333333332	9.01	103.66666666666667	7.577	25.433333333333334	8.022	14.454443687356255	6.8418538415915435	5	14.454443687356255	drone
423	424	(47.512605610197625, 21.62931085998735)	7.716666666666667	2.917	32.56666666666667	2.38	11.2	2.76	9.566165623414618	2.8033868190206963	9	7.716666666666667	driving
424	425	(47.49066540936227, 21.637977930682194)	12.75	5.922	68.88333333333334	5.073	20.333333333333332	5.753	17.5499225366272	6.459756459089558	12	12.75	driving
425	426	(47.519503121730985, 21.58712491813237)	15.766666666666667	6.081	55.266666666666666	4.052	12.866666666666667	4.44	10.336107393033084	3.7545308388987833	8	10.336107393033084	drone
426	427	(47.499631361351646, 21.672586851110847)	14.85	6.4	79.76666666666667	5.863	22.55	6.253	12.13007750747469	5.091954803185171	8	12.13007750747469	drone
427	428	(47.51153905255501, 21.662921514619914)	12.333333333333334	5.181	60.56666666666667	4.387	16.2	4.545	8.538263821529956	3.5011683193467698	4	8.538263821529956	drone
428	429	(47.5140566028675, 21.627635678118512)	11.466666666666667	4.751	32.88333333333333	2.401	11.65	2.927	9.828601851312426	2.810880756227327	9	9.828601851312426	drone
429	430	(47.527468376724805, 21.591210640653088)	12.25	4.555	43.516666666666666	3.179	9.6	3.194	8.517008438256905	3.0280234536331365	6	8.517008438256905	drone
430	431	(47.521667683987786, 21.57824338643271)	14.65	6.311	65.65	4.788	15.116666666666667	4.803	10.784672880174949	4.170865312648294	8	10.784672880174949	drone
431	432	(47.536512333442325, 21.644530764236986)	8.716666666666667	2.511	22.866666666666667	1.616	6.45	1.577	4.388284720608152	1.258856480405435	1	4.388284720608152	drone
432	433	(47.527384897629005, 21.616262020509115)	9.8	3.06	16.133333333333333	1.214	3.3333333333333335	1.25	7.122561106548104	1.5107976674638224	8	3.3333333333333335	bicycling
433	434	(47.52975588923075, 21.606718401869454)	10.016666666666667	3.348	27.233333333333334	1.987	5.933333333333334	2.008	6.717439605229104	1.8323567078309146	6	5.933333333333334	bicycling
434	435	(47.52949310993193, 21.63697548780249)	5.7	1.479	13.116666666666667	0.942	4.75	0.942	3.5638773006632656	0.7092515337755104	1	3.5638773006632656	drone
435	436	(47.53241576956257, 21.619514053224897)	7.6	2.047	12.433333333333334	0.935	2.6666666666666665	0.985	5.023300999567577	0.7720417187074156	6	2.6666666666666665	bicycling
436	437	(47.53626816303015, 21.635138513608478)	6.383333333333334	1.592	9.933333333333334	0.698	2.8	0.698	3.4373636587489824	0.6249091058326547	1	2.8	bicycling
437	438	(47.52172536107075, 21.585953129841)	13.783333333333333	5.558	57.25	4.181	12.883333333333333	4.196	10.105688433393004	3.670178812341235	8	10.105688433393004	drone
438	439	(47.55109024944574, 21.623773759290522)	9.9	3.485	34.166666666666664	2.49	10.75	2.903	5.626487607054425	2.0843250713696166	1	5.626487607054425	drone
439	440	(47.502993985911445, 21.654522213672685)	12.4	4.99	58.36666666666667	4.275	17.933333333333334	4.664	12.065157545263633	4.516571694753267	8	12.065157545263633	drone
440	441	(47.53937182675309, 21.615467864649194)	12.183333333333334	3.582	23.15	1.682	7.133333333333334	2.145	4.370693449942674	1.2471289666284497	1	4.370693449942674	drone
441	442	(47.48925440599894, 21.673412404043695)	15.35	7.008	88.08333333333333	6.471	24.283333333333335	6.861	14.534009718595819	6.36606004027763	8	14.534009718595819	drone
442	443	(47.523981988089815, 21.636133614266605)	7.95	2.401	18.933333333333334	1.351	6.7	1.506	5.146872034718568	1.1879615134211376	4	5.146872034718568	drone
443	444	(47.50938863177876, 21.693788890868824)	15.966666666666667	7.146	87.48333333333333	6.389	21.966666666666665	6.834	13.444224125528832	5.994125480352739	6	13.444224125528832	drone
444	445	(47.548106926438294, 21.599179535904963)	12.366666666666667	4.731	50.18333333333333	3.645	12.8	3.832	9.080041628077588	3.0974963752997837	7	9.080041628077588	drone
445	446	(47.52035180878494, 21.69507683519284)	15.316666666666666	6.948	82.53333333333333	6.028	20.866666666666667	6.473	11.013861386453083	5.1695503875868285	4	11.013861386453083	drone
446	447	(47.52496454121062, 21.59265342786808)	13.566666666666666	5.037	50.0	3.661	11.716666666666667	4.049	8.806536734839684	3.0236857263854806	7	8.806536734839684	drone
447	448	(47.51651051628083, 21.65660290101692)	10.566666666666666	4.077	46.06666666666667	3.324	12.483333333333333	3.324	8.580363550126442	2.8209061554641313	8	8.580363550126442	drone
448	449	(47.509298955062725, 21.650685250453623)	12.333333333333334	4.77	50.38333333333333	3.67	16.75	4.234	10.667008732961472	3.676152712647894	8	10.667008732961472	drone
449	450	(47.537778946935624, 21.623557010513558)	8.033333333333333	1.942	13.45	0.983	3.85	1.034	3.5372104917192027	0.6914736611461353	1	3.5372104917192027	drone
450	451	(47.50125251812651, 21.6539140743643)	13.116666666666667	5.178	60.916666666666664	4.463	18.483333333333334	4.852	12.237262088434234	4.647101070783433	8	12.237262088434234	drone
451	452	(47.51988425333406, 21.606890838547983)	11.433333333333334	4.01	33.43333333333333	2.467	8.983333333333333	2.816	9.078249364634468	2.6949433473377873	8	8.983333333333333	bicycling
452	453	(47.551892742306705, 21.60953083126202)	14.5	5.044	46.31666666666667	3.388	13.283333333333333	3.591	6.371851312719762	2.5812342084798416	1	6.371851312719762	drone
453	454	(47.55210378305088, 21.659268245207492)	12.316666666666666	4.272	47.46666666666667	3.368	13.283333333333333	3.625	7.224446543915497	3.149631029276998	1	7.224446543915497	drone
454	455	(47.51384834143216, 21.63209800839275)	7.816666666666666	2.912	32.5	2.364	11.866666666666667	2.744	8.425881687151454	2.4447971509046487	8	7.816666666666666	driving
455	456	(47.505396738021794, 21.65961829041809)	13.583333333333334	5.365	65.71666666666667	4.808	19.55	5.198	11.080407269857142	4.184118954654654	8	11.080407269857142	drone
456	457	(47.52260646134317, 21.594617240579947)	13.55	4.941	43.43333333333333	3.221	10.366666666666667	3.57	9.28275368128193	3.0759890949277584	8	9.28275368128193	drone
457	458	(47.52240541669131, 21.583975573185512)	14.133333333333333	5.638	58.416666666666664	4.261	13.133333333333333	4.276	10.17752435687755	3.751263774561518	8	10.17752435687755	drone
458	459	(47.504082305713155, 21.672556386191363)	14.916666666666666	6.586	79.6	5.792	23.866666666666667	6.629	10.194946867208255	4.601065726129966	4	10.194946867208255	drone
459	460	(47.5083666693002, 21.66283576135105)	12.816666666666666	5.392	63.43333333333333	4.598	21.15	5.732	10.090054219066632	3.806549255805591	8	10.090054219066632	drone
460	461	(47.493939076638746, 21.656180594844546)	14.3	7.163	77.53333333333333	5.709	22.566666666666666	6.286	13.10687231394577	5.338084788785148	8	13.10687231394577	drone
461	462	(47.514781944635295, 21.706732885442133)	17.166666666666668	7.484	95.06666666666666	6.946	23.633333333333333	7.391	12.902182910612606	6.225196861214874	5	12.902182910612606	drone
462	463	(47.51358991137088, 21.677321044860456)	14.916666666666666	5.932	72.43333333333334	5.265	18.95	5.326	11.392321378282803	4.739349776168944	5	11.392321378282803	drone
463	464	(47.516579346362064, 21.630839081406346)	7.166666666666667	2.441	26.1	1.904	10.566666666666666	2.284	8.167555872022907	2.202778390716643	8	7.166666666666667	driving
464	465	(47.496769144008056, 21.65758214729322)	12.516666666666667	6.191	70.6	5.175	21.083333333333332	5.734	13.099184951972733	5.219206310047683	8	12.516666666666667	driving
465	466	(47.54005064302784, 21.578347156338644)	14.683333333333334	6.433	60.733333333333334	4.451	17.65	5.4	9.060669774604465	3.873627462485929	4	9.060669774604465	drone
466	467	(47.50269124129404, 21.673011255539176)	15.383333333333333	6.717	81.33333333333333	5.923	23.433333333333334	6.498	10.403702979008935	4.737092288901958	4	10.403702979008935	drone
467	468	(47.48379901202739, 21.671689563794853)	17.45	7.746	98.1	7.209	26.45	7.599	15.76492885802453	6.996677690070677	8	15.76492885802453	drone
468	469	(47.52395363492406, 21.627948468871857)	7.55	2.014	14.8	1.108	3.9166666666666665	1.248	6.15632763097693	1.3699765624221518	5	3.9166666666666665	bicycling
469	470	(47.4988377453996, 21.634076419769396)	11.483333333333333	4.921	57.1	4.188	17.516666666666666	4.75	17.408659098425787	5.943362286787315	12	11.483333333333333	driving
470	471	(47.55237712248216, 21.6573690546137)	13.016666666666667	4.402	49.233333333333334	3.498	13.7	3.755	7.944459849196053	3.0994325175737334	4	7.944459849196053	drone
471	472	(47.540724009425915, 21.66324742792873)	12.566666666666666	5.001	47.416666666666664	3.432	13.65	3.906	12.587506908281117	4.398980061074591	5	12.566666666666666	driving
472	473	(47.518795977912, 21.67596632143129)	12.383333333333333	5.181	63.88333333333333	4.643	16.916666666666668	5.088	10.063149763116343	4.119873725454751	5	10.063149763116343	drone
473	474	(47.489003313809086, 21.67640590104258)	15.483333333333333	7.215	90.78333333333333	6.678	24.966666666666665	7.067	14.542179926411197	6.445578397096438	8	14.542179926411197	drone
474	475	(47.49951204231873, 21.650452684780312)	10.733333333333333	5.065	61.55	4.517	18.766666666666666	4.932	11.789621808611582	4.527564764924778	8	10.733333333333333	driving
475	476	(47.503683908338154, 21.687806918247208)	14.533333333333333	7.152	87.31666666666666	6.358	28.2	8.112	13.251364254135833	5.740521628128436	8	13.251364254135833	drone
476	477	(47.53059428974665, 21.68832487632675)	12.566666666666666	5.51	68.35	4.972	18.033333333333335	5.491	11.914952115191692	5.043592036529401	5	11.914952115191692	drone
477	478	(47.52024438796511, 21.639491945505892)	8.55	2.98	30.85	2.216	12.216666666666667	2.823	8.74279138948725	2.2962803261284086	8	8.55	driving
478	479	(47.52218326344245, 21.66018093999835)	11.583333333333334	4.334	44.63333333333333	3.212	14.45	3.212	8.839025560667203	3.0114290146542255	6	8.839025560667203	drone
479	480	(47.504522152486764, 21.70198059373452)	18.883333333333333	7.835	99.91666666666667	7.297	24.766666666666666	7.742	15.160904396424204	6.883003655633311	7	15.160904396424204	drone
480	481	(47.53517714520843, 21.647835364524184)	8.766666666666667	2.576	23.7	1.681	6.333333333333333	1.681	9.395619553787904	2.694594770626149	5	6.333333333333333	bicycling
481	482	(47.52127990730951, 21.581762585973784)	14.533333333333333	5.893	61.8	4.516	13.883333333333333	4.531	10.525035842751581	3.966165883986775	8	10.525035842751581	drone
482	483	(47.516869623967125, 21.635609843261175)	8.216666666666667	2.693	29.65	2.156	11.35	2.536	7.9883870084222455	2.0770353917823505	9	7.9883870084222455	drone
483	484	(47.54979341289847, 21.653253100905495)	11.25	3.741	39.416666666666664	2.779	11.783333333333333	3.095	7.619078601671163	2.6969816826653723	5	7.619078601671163	drone
484	485	(47.53846942162759, 21.582058771757026)	14.6	6.375	59.96666666666667	4.393	14.733333333333333	4.409	8.613255354341817	3.5705944264075997	4	8.613255354341817	drone
485	486	(47.54893672380661, 21.607138967623005)	12.283333333333333	4.493	44.416666666666664	3.231	11.75	3.36	6.1481616356305056	2.4321077570870036	1	6.1481616356305056	drone
486	487	(47.54638076529984, 21.668699822299363)	13.616666666666667	5.119	54.833333333333336	3.914	15.516666666666667	4.472	12.397781348033499	4.647883364945499	5	12.397781348033499	drone
487	488	(47.547329897247465, 21.6126620860788)	13.683333333333334	4.782	36.016666666666666	2.632	9.633333333333333	2.83	5.546774451213619	2.031182967475746	1	5.546774451213619	drone
488	489	(47.48824437420437, 21.665073173847812)	15.8	7.916	92.73333333333333	6.819	25.25	7.208	14.802213020264055	6.337748077133457	8	14.802213020264055	drone
489	490	(47.54290270003861, 21.651005641177086)	10.516666666666667	3.227	32.9	2.317	8.716666666666667	2.343	8.72641825824243	2.7528565368195035	5	8.716666666666667	bicycling
490	491	(47.52202983108723, 21.59918433217933)	12.3	4.596	38.11666666666667	2.83	9.283333333333333	3.179	9.065193279096745	2.8629008103673863	8	9.065193279096745	drone
491	492	(47.53243820249177, 21.60138906017567)	10.2	3.538	35.85	2.612	8.416666666666666	2.72	8.311273269687826	2.2148934927982826	10	8.311273269687826	drone
492	493	(47.55132501661012, 21.595826944730067)	13.383333333333333	5.277	57.81666666666667	4.214	14.4	4.401	8.230765708704471	3.274673504869061	4	8.230765708704471	drone
493	494	(47.49617367158989, 21.63741390301715)	11.4	5.308	60.78333333333333	4.459	18.683333333333334	5.139	15.55622663771261	5.739285366241999	9	11.4	driving
494	495	(47.54473043090536, 21.583978010414587)	14.283333333333333	5.927	67.0	4.876	17.1	5.081	7.930870366541609	3.6205802443610726	1	7.930870366541609	drone
495	496	(47.54796975773223, 21.60161507873359)	12.05	4.538	48.55	3.544	12.533333333333333	3.673	7.383486816479344	2.7059551185760164	4	7.383486816479344	drone
496	497	(47.51731864780011, 21.615599719287356)	10.75	3.495	32.916666666666664	2.383	9.0	2.747	9.704051034559363	2.720109166335518	9	9.0	bicycling
497	498	(47.542239033678904, 21.633825793686256)	9.85	2.82	21.383333333333333	1.529	6.533333333333333	1.849	4.197591463708554	1.1317276424723697	1	4.197591463708554	drone
498	499	(47.48692105086057, 21.656762987037677)	16.066666666666666	6.616	94.18333333333334	6.937	25.5	7.326	13.835957588698454	5.946589568735021	8	13.835957588698454	drone
499	500	(47.54898282940091, 21.606439168416)	12.3	4.45	47.4	3.456	12.4	3.585	6.206871884663729	2.4712479231091526	1	6.206871884663729	drone
